Unnamed: 0,Unnamed: 1,Unnamed: 2,Unnamed: 3,Unnamed: 4,Unnamed: 5,Unnamed: 6,Unnamed: 7,Unnamed: 8,Unnamed: 9,Unnamed: 10,Unnamed: 11,Unnamed: 12,Unnamed: 13,Unnamed: 14,Unnamed: 15,Unnamed: 16
번호,문의유형,답변자,상태,기수,트랙/코스,본부,반,교육생,ID,교육상태,문의내용,문의일시,답변일시,답변,검토담당자,검토일시
1,이론문의,운*자03,완료,KT AIVLE School 4기,DX컨설턴트,수도권,5반,양*훈,d041041,입교,"공지사항의 4가지 방법을 다 시행해봤지만 데스크톱에서 강의가 다시 들어가지지 않습니다.
오전 강의 때는 분명히 들어가졌는데 어떤 문제인지 잘모르겠습니다.",2023-08-09 15:26:06,2023-08-09 16:05:38,"안녕하세요 에이블러님

기본적으로 에이블스쿨의 모든 교육은 제공된 PC를 활용하여 진행하시기를 권장 하고 있습니다.

원칙상으로 제공된 GRAM 노트북 외 다른 PC에 관해서는 지원을 해드리지 않고 있습니다.

앞으로의 교육은 제공해 드린 노트북을 활용하여 진행해 주시길 바랍니다.

",-,-
2,이론문의,운*자03,완료,KT AIVLE School 4기,DX컨설턴트,수도권,5반,양*훈,d041041,입교,"안녕하세요 
제공된 노트북으로는 실습을 진행하고 원래 있던 데스크톱으로 강의를 듣고 싶은데
오전강의 때는 수업이 데스크톱으로 들어가졌는데 오후가 되니 들어가지지 않습니다.
데스크톱에 줌은 로그인이 되어있습니다.
해결방법을 알려주신다면 감사하겠습니다.",2023-08-09 14:34:11,2023-08-09 14:53:48,"안녕하세요 에이블러님

공지사항 게시판에 등록된 

""강의장 입장 시 참가(JOIN)버튼 비활성화 조치""게시글을 확인 해보시기 바랍니다.",-,-
3,이론문의,운*자09,완료,KT AIVLE School 4기,DX컨설턴트,부산/경남,11반,임*환,d046014,입교,수업을 듣기위해 입장을 눌렀는데 참가버튼은 비활성화 되어있으며 참여가 되지 않습니다.,2023-08-09 13:39:50,2023-08-09 13:42:10,"안녕하세요 임수환 에이블러님

현재 우측상단에 마이크 와 카메라 기능이 차단되어 있어 보입니다
차단을 허용으로 바꾸신 뒤에 진행해보시기 바랍니다.
허용 후에도 안될 경우 재문의 해주시기 바랍니다.

감사합니다",-,-
4,이론문의,운*자03,완료,KT AIVLE School 4기,DX컨설턴트,충남/충북,7반,김*환,d043207,입교,강의를 듣기 위해 강의 입장하고 참가하려는데 참가버튼이 활성화 되지 않아서 접속 할 수 없습니다.,2023-08-09 09:50:57,2023-08-09 09:57:33,"안녕하세요 에이블러님

혹시 줌 프로그램을 로그인을 해 놓으셨을까요?

하셨는데도 불구하고 입장이 안되시면 재문의 부탁드립니다.

원격으로 해결해 드리겠습니다.",-,-
번호,문의유형,답변자,상태,기수,트랙/코스,본부,반,교육생,ID,교육상태,문의내용,문의일시,답변일시,답변,검토담당자,검토일시
1,이론문의,D*보조강사,완료,KT AIVLE School 4기,DX컨설턴트,충남/충북,7반,박*지,d043204,입교,"안녕하세요. DX트랙 충남충북 7반 박서지입니다.

오늘 강의에서 리스트 요소를 대문자로 바꾸는 문제가 있었습니다.
해당 리스트는 a =  ['h', 'a', 'p', 'p', 'y'] 였고, 리스트를 문자열로 바꾸는 과정에서 .join() 메소드를 사용했습니다. 강사님께서 a = '-'.join(a) 라고 알려주셨는데요!
a 리스트에 '-'가 없음에도 '-'를 사용한 이유가 궁금하고, 작동이 되는 이유도 궁금합니다.

저는 ','를 사용하여 다시 연습을 했는데 작동이 되더라고요!

사진 함께 첨부드립니다. 감사합니다!",2023-08-10 23:20:52,2023-08-11 09:19:54,"안녕하세요 박서지 에이블러님

각 코드 구문별로 출력을 해서 비교해보면 그 차이를 바로 알 수 있답니다.

1. 변수 a에 리스트를 만들었습니다. 이 안에는 'h', 'a', 'p', 'p', 'y'가 요소로써 들어있습니다.
2. a = '-'.join(a) 해당 코드는 1번 단계에서 만들어진 리스트의 요소들을 통합하여 문자열로 만드는데, 각 요소 사이에 - 라는 기호를 추가하는 것입니다. 출력해보면, h-a-p-p-y로 나온답니다.
3. a = a.upper() 2번 단계에서 만들어진 문자열의 알파벳을 대문자로 바꿔줍니다. 출력하면 결과는 H-A-P-P-Y입니다.
4. a = a.split('-') 3번 단계에서 만들어진 문자열을 - 기호로 나누어 리스트 형태로 변환합니다. 그래서 결과는 ['H', 'A', 'P', 'P', 'Y']가 됩니다.

의문 발생시 편하게 문의 하세요.
감사합니다 : )",-,-
2,이론문의,D*보조강사,완료,KT AIVLE School 4기,DX컨설턴트,충남/충북,7반,박*지,d043204,입교,"안녕하세요. DX트랙 충남충북 7반 박서지입니다!

오늘 배운 replace() 메소드 강의 중에서 실행되지 않는 메모리(?)가 있어 질문 드립니다.
num2 부분은 왜 실행이 되지 않는 건지 궁금합니다! 문자가 아닌 공백을 지정해서 그런 걸까요?
사진 함께 첨부드립니다.

감사합니다!!",2023-08-10 22:56:42,2023-08-11 09:10:39,"안녕하세요 박서지 에이블러님

# 콤마 제거 후 정수로 변환
num = int(num.replace(',' ''))
num2 = int(num.replace(' ', ''))

해당 부분을 보시면,
num에 정수 형태의 값이 들어가게 되었습니다.
num2에서 에러가 발생하는 이유는, 이미 num이 정수 자료형으로 변환되었는데 .replace( )를 사용해서 그렇습니다.
.replace( )는 문자열 자료형에서 사용 가능한 메소드입니다.

num2 = int(num2.replace(' ', '') 로 수정하시면 정상 동작 할 거에요.

의문 발생시 편하게 문의 주세요.
감사합니다 : )",-,-
3,실습문의,D*보조강사,완료,KT AIVLE School 4기,DX컨설턴트,대구/경북,8반,장*주,d044101,입교,"print(f'{age}살의 {name}의 점수는 {score:,.2f}입니다.')
이 코드에서 왜 {score:,.2f}여기 마지막에 f가 들어가는지 궁금하여 문의 드립니다
위에서 정의된 score가 실수여서 그런 것인가요?",2023-08-10 22:34:57,2023-08-11 09:06:28,"안녕하세요 장연주 에이블러님

{score:,.2f}의 의미를 하나하나 살펴보겠습니다.

1. {score}는 score라는 변수에 저장된 값을 문자열에 출력하겠다는 의미입니다.
2. : 은 score 변수의 값을 어떻게 표현할 것인지 조건을 넣을 때 사용합니다.
3. , 은 숫자의 천 단위마다 ,를 삽입합니다.  ex) 10000 -> 10,000
4. .2는 값의 소수점 2자리까지 표현한다는 의미입니다.
5. .2 뒤에 붙은 f는 float 형태로 표현하겠다는 의미입니다.
   -> f를 제외하고 실행하면 e+03 과 같이 표현됩니다. 한 번 직접 실행해보세요 : )

의문 발생시 편하게 문의 주세요.
감사합니다 : )",-,-
4,이론문의,D*보조강사,완료,KT AIVLE School 4기,DX컨설턴트,부산/경남,11반,권*호,d046066,입교,"a = '가' + '나' 를 출력하는 것과  a = '가' '나' 를 출력하는 경우 같은 값이 나오게 됩니다
이 경우 혹시 차이점이 있을까요?",2023-08-10 16:29:27,2023-08-10 16:38:15,"안녕하세요, 권강호 에이블러님.

에이블러님께서 말씀하신 것대로 두 경우 모두 결과가 같습니다.
한 쪽의 변수명을 b로 바꾸고, a == b를 실행해보면 결과가 True로 나옵니다.
결과값은 완전히 동일합니다.

다만, id(a) == id(b)를 실행하면 False가 나옵니다.
결과값은 동일하지만, 메모리 주소가 동일한 것은 아니기 때문입니다.

그렇지만, 메모리 주소까지 확인하고 비교하는 경우는 그리 많지 않답니다 ^^;;
교육 과정에서도 많이 벗어난 주제랍니다.

그렇기에 위의 두 방식은 동일하다고 생각하셔도 좋습니다.

추가 문의 발생시 편하게 문의주세요.
감사합니다 : )",-,-
5,실습문의,운*자03,완료,KT AIVLE School 4기,DX컨설턴트,수도권,3반,전*현,d041159,입교,"안내해주신 링크 연결해서 들어가려는데 첨부파일과 같이 오류가 뜹니다.
다시한번 확인해주시면 감사하겠습니다.",2023-08-10 15:22:40,2023-08-10 16:01:30,"안녕하세요 에이블러님 

원격지원은 답변 작성 후 10분이 지나면 자동으로 연결이 종료가 됩니다.

강의장 입장시 참가(join)버튼 클릭이 필수가 아닙니다.

참가버튼 클릭 없이 강의장에 입장에 문제가 없으시다면 괜찮습니다.

혹시 강의화면 및 음성에 문제가 있으신 경우 재문의를 해주시면 원격으로 도움을 드리겠습니다",-,-
6,이론문의,튜*12,완료,KT AIVLE School 4기,DX컨설턴트,충남/충북,7반,박*지,d043204,입교,"안녕하세요! DX 충남충북 7반 박서지입니다.

강사님께서 02 문자열 자료형 - [참고] 인덱싱으로 문자열 변경 불가 파트 강의를 해주시다가
'정수는 값 변경 불가, 리스트는 가능' 하다며 설명을 해주셨는데요!

제가 제대로 이해한 것이 맞는지 궁금합니다.
사진 함께 첨부해드리며, 파란색 # ~~~ 부분이 제가 이해한 내용입니다.

감사합니다 :) 사진이 삭제되어 다시 첨부 드립니다 ㅜㅜ",2023-08-10 11:37:42,2023-08-10 11:44:34,"안녕하세요. 에이블러님

우선 정수는 값 변경 불가라는 의미는 에 대해 설명해 드리자면
a = 10을 대입 하게 되면 a 라는 메모리에 10을 넣은 것이고, a= 11을 다시 대입하게 되면 a는 새로운 메모리를 가지게 되는 것으로 여기서 정수 값이 변경 불가하다라는 뜻이 됩니다. 정수 값이 변경 가능하게 되면 id(a)를 찍은 결과값이 동일하게 나와야 합니다.

리스트는 가능하다라는 의미에 대해 설명해드리자면
a = [1, 2, 3, 4, 5] 처럼 a 라는 메모리에 리스트인 [1, 2, 3, 4, 5]를 넣는 것이며, 만약 5를 6으로 변경하고 싶어 a = [1, 2, 3, 4, 6]으로 재 할당 하게 되어도 a라는 메모리(공간이라고 생각하시면 쉬울 것같습니다.)는 그대로, 마지막 5가 6으로 변경된 것을 보실 수 있습니다. 이 경우에 id(a)를 찍어보면 정수랑은 다르게 같은 메모리값이 나올 것입니다. 

여기서 변경 불가, 가능은 메모리 주소값이 바뀌느냐 안바뀌느냐에 따라 가능 여부를 결정하게 된다고 생각하시면 됩니다.

혹시 답변이 되었을까요. 또 궁금하신 사항이 있다면 질의응답 남겨주시면 됩니다.

감사합니다.",-,-
7,이론문의,튜*12,완료,KT AIVLE School 4기,DX컨설턴트,충남/충북,7반,박*지,d043204,입교,"안녕하세요! DX 충남충북 7반 박서지입니다.

강사님께서 02 문자열 자료형 - [참고] 인덱싱으로 문자열 변경 불가 파트 강의를 해주시다가
'정수는 값 변경 불가, 리스트는 가능' 하다며 설명을 해주셨는데요!

제가 제대로 이해한 것이 맞는지 궁금합니다.
사진 함께 첨부해드리며, 파란색 # ~~~ 부분이 제가 이해한 내용입니다.

감사합니다 :)",2023-08-10 11:33:53,2023-08-10 11:45:30,"안녕하세요 에이블러님

새롭게 올려주신 질의응답에 답변 해드렸습니다. 

감사합니다.",-,-
8,실습문의,튜*12,완료,KT AIVLE School 4기,DX컨설턴트,수도권,2반,김*원,d041088,입교,"주피터 노트북 이외의 공간(워드, ppt, 네이버 등)에서는 정상적인 타이핑이 이루어지나
주피터 노트북 환경에서는 자동으로 띄어쓰기가 되고 있습니다.

답변 주셔서 감사드립니다.",2023-08-10 10:54:57,2023-08-10 11:14:19,"안녕하세요 에이블러님

원격 지원 링크 남겨드리도록 하겠습니다. 
https://113366.com?accessCode=116977

감사합니다.

--------------------------------
일시적인 컴퓨터 오류로 해결 완료

추가적으로 띄어쓰기 오류에 대해 [Alt] + [=] 버튼으로 해결 방법 안내 해드렸습니다.",-,-
9,실습문의,튜*12,완료,KT AIVLE School 4기,DX컨설턴트,수도권,2반,김*원,d041088,입교,"안녕하세요.
수도권_DX_2반 김시원입니다.

금일 교육 진행간 첨부드린 사진과 같이 Syntax Error가 발생하여 파이썬 구동에 어려움이 있어 원격으로 확인 받을 수 있을지 문의드리고자 요청드리겠습니다.

시리얼 넘버는 209NZUD010534 입니다.

확인 간 유선 연락이 필요하시다면 010-9474-7034로 요청드리겠습니다!",2023-08-10 10:35:22,2023-08-10 10:51:07,"안녕하세요 에이블러님
 
사진 속 print(""안녕"")에서 print 사이의 띄어쓰기가 있을까요? 확인 후에 다시 질의응답 올려주시면 도움 드리겠습니다. 

감사합니다. ",-,-
10,실습문의,운*자03,완료,KT AIVLE School 4기,DX컨설턴트,수도권,3반,전*현,d041159,입교,안녕하세요 공지사항에 안내해주신 방법으로 다 진행해봤는데도 강의장에 참가 버튼이 활성화 되지 않습니다. 확인해주시면 감사드리겠습니다.,2023-08-10 10:34:53,2023-08-10 10:39:56,"안녕하세요 에이블러님

원격으로 도움 드리겠습니다.

아래 링크를 클릭하여 설치를 진행해주시기 바랍니다.

https://113366.com?accessCode=153006",-,-
11,이론문의,튜*12,완료,KT AIVLE School 4기,DX컨설턴트,부산/경남,10반,서*림,d046002,입교,"안녕하세요! DX부산10반 서아림 입니다.ㅎㅎㅎ
안내해주신 방법들로 시도해봤지만 어제오늘 계속 강의실 입장시 ZOOM화면 밑에 참여버튼이 따로 보이지 않아 문의드립니다.
감사합니다.:)",2023-08-10 09:46:53,2023-08-10 10:10:07,"안녕하세요 에이블러님

참여 버튼을 필수적으로 눌러야 하는 것이 아니며 버튼 없이 강의실에 정상적으로 입장이 되시면 강의 수강해주시면 됩니다!

혹시 참가버튼이 비활성화 되어있어 강의를 수강하는데 문제가 있으신 경우 재문의를 주시면
원격으로 도움을 드리겠습니다.

감사합니다.",운영자09,2023-08-10 10:10:07
12,실습문의,운*자03,완료,KT AIVLE School 4기,DX컨설턴트,충남/충북,7반,박*지,d043204,입교,"안녕하세요. DX 충남/충북 7반 박서지입니다!

강의 입장을 클릭하면 JOIN 버튼없이 강의가 송출됩니다.
공지에 올라온 대로 와이파이 상태 확인, F5, 나갔다 들어오기, 재부팅 하기 를 해봐도 그대로 인데 어떻게 해야 할까요?
강의 소리, 영상은 제대로 나옵니다!

감사합니다.",2023-08-10 09:07:59,2023-08-10 09:17:16,"안녕하세요 에이블러님

참가(JOIN)버튼을 필수적으로 눌러야 하는건 아닙니다.  

버튼 없이 강의장에 정상적으로 입장이 되시면 강의를 수강 하시면 됩니다^^

추후에라도 참가 버튼이 노출이 되었지만 버튼이 비활성화 되어있는 상태인 경우 

공지사항에 있는 공지글을 참고해주시기 바랍니다.",-,-
번호,문의유형,답변자,상태,기수,트랙/코스,본부,반,교육생,ID,교육상태,문의내용,문의일시,답변일시,답변,검토담당자,검토일시
1,이론문의,튜*12,완료,KT AIVLE School 4기,DX컨설턴트,수도권,1반,이*석,d041139,입교,"안녕하세요

코드는 이렇습니다

x = [1,2,3]
y = [1,2,3]
z = x

print(x is y)
print(x is z)
print(id(x))
print(id(y))
print(x == y)
print(x == z)

x, y의 데이터형이 리스트, 집합 일때는 수업시간에 배운것처럼 == 과 is가 다르다는 개념이 적용되는데

x = 3, y = 3 
x = 'a', y = 'a'
같이 자료형이 int,  str 일 경우에는 주소값이 똑같이 나온다(같은 객체이다)는 것을 발견했습니다

구체적으로 들어가면 str의 값이 오로지 영어와 숫자만 들어갔을때는 주소값이 같다는 것을 발견했습니다(예를들어 x = 'aabb123'일때는 주소가 같지만 띄어쓰기, 특수문자, 한글이 한개라도 들어가면 주소값이 다름) 

또한 특이하게 다른 특수문자를 넣을땐 안되는데 '_' 를 쓸때는 주소값이 똑같다는 것을 발견했습니다

그래서 최종적으로

x = 'aabb_123'
y = 'aabb_123'
z = x

이렇게 해버리면 x 와 y의 주소값이 동일해집니다(같은 객체입니다)

곰곰히 생각을 해보았는데 이것은 변수의 이름을 지을때의 상황과 매우 비슷하여 그것과 관련된 내용이지 않을까?하는 추측을 해봅니다

또한 수업시간에 x = 3 이라고 했을때 x는 3이라는 값을 저장하는 것이 아니고 3을 가리키는 주소라고 이해해야 한다는 내용이 떠오릅니다. 그것도 관련이 있을지도 모르겠습니다

x = 'aabb_123'
y = 'aabb_123'
z = x

이것이 같은 객체가 되는 이유를 어떤식으로 이해하고 있으면 되는지 알려주시면 감사하겠습니다!",2023-08-13 13:30:28,2023-08-14 10:27:24,"안녕하세요 에이블러님

우선 파이썬에서 '=='과 'is'의 차이점에 대해서 설명해 드리겠습니다.
==: 값이 같은지를 비교할 때 사용하는 연산자
is: 참조되는 메모리 주소가 같은지를 확인하는 연산자

---------------------------------------
x = [1,2,3]
y = [1,2,3]
z = x
따라서 위 코드를 보았을 때 리스트 x와 y는 같은 값을 가지고 있으므로
print(x == y)는 true 입니다.
그러나 x와 y는 다른 주소값을 가지고 있기 때문에
print(x is y)는 false 입니다. 이를 id() 를 통해 확인 해보면 됩니다.

------------------------------------------
다음으로 정수형 값에 대한 ==과 is입니다.

파이썬에서는 메모리 최적화를 위해 -5부터 256까지는 파이썬에서 캐싱하는 싱글턴 오브젝트라는 것을 사용합니다. (객체의 인스턴스를 한개만 생성되게 하는 패턴으로 파이썬의 특성입니다.)

x = 3, y = 3 
x = 'a', y = 'a'
따라서 print(x is y) 는 true이고, print(x == y)의 경우도 true입니다.

--------------------------------------------
파이썬에서 언더스코어(_)는 특별한 의미를 지닙니다. 다양한 역할로 사용되며 이 곳에서 질 문 주신 것과 관련해 답변하자면

변수에 문자나 숫자로 _(언더스코어)를 할당 때는 자릿수 구분을 위한 구분자로 사용됩니다.  문자와 숫자가 섞여 있지만 하나의 값으로 인식되어 print(x == y) 는 true, print(x is y)는 true의 결과로 나오는 것으로 보입니다. 더불어 값을 저장할 때에 _(언더스코어)를 넣지 않는 것을 추천드립니다.

더불어 
a = 'aabb123아'
b = 'aabb123아'
print(a == b)
print(a is b)
다음의 경우에는 true, true가 나오게 됩니다.



혹시 설명이 부족하거나 어려운 부분은 다시 질문 주시면 감사하겠습니다.

",-,-
2,이론문의,튜*12,완료,KT AIVLE School 4기,DX컨설턴트,수도권,2반,최*영,d041007,입교,"안녕하세요! 파이썬 리스트 복습을 하다가 궁금한 점이 생겨 질문드립니다. 

첨부된 코드에서, num1은 범위 밖이라 인덱스 에러가 발생하는 것이 당연한데, num2는 왜 인덱스 에러가 발생하지 않는지, 결과가 왜 빈 리스트인지 궁금합니다. 

감사합니다! ",2023-08-12 22:50:23,2023-08-14 10:04:33,"안녕하세요 에이블러님

리스트 슬라이싱을 하는 경우 특성 때문에 발생하는 일이라고 생각해주시면 됩니다.

num1 = test_list[3]의 경우 인덱싱이라고 하며, 인덱싱은 지정된 인덱스의 값을 return(결과) 받기 때문에 인덱스의 값이 존재하지 않아 error 가 납니다. 

num2 = test_list[3:]  의 경우 인덱스 슬라이싱이라고 하며, 인덱스 슬라이싱의 경우 결과로 sequence를 return(결과) 받게 됩니다. (sequence는 리스트, 문자열, 튜플 과 같이 연속적으로 조회할 수 있는 자료형을 생각하시면 됩니다.) 해당 코드의 경우 return 받는 sequence 가 없기 때문에 빈 배열을 return 받게 됩니다. 이 부분을 인덱스 슬라이싱의 특성이라 생각하시면 좋을 것 같습니다. 

더 궁금하신 사항이 있다면 질문 해주시면 더 답변해드리겠습니다.

감사합니다.",-,-
3,이론문의,D*컨설턴트 강사,완료,KT AIVLE School 4기,DX컨설턴트,대구/경북,8반,서*환,d044107,입교,수업 중 이장래 강사님께서 알려주신 쿠폰으로 SQL 강의를 들으려고 MySQL Workbench에 들어가서 연결하려고 하는데 비밀번호를 몰라서 들어갈 수가 없습니다..,2023-08-12 20:48:13,2023-08-14 08:56:53,"서정환 에이블러님 안녕하세요?
암호는 aivle 입니다.
모두 소문자입니다.
오늘도 열심히 공부하는 하루 되시길 바랍니다.
감사합니다.",-,-
4,이론문의,D*보조강사,완료,KT AIVLE School 4기,DX컨설턴트,충남/충북,7반,정*균,d043247,입교,"
nums = list(range(5))

# 확인
nums

하여서 [0, 1, 2, 3, 4]가 나왔고,

# extend 메소드를 사용해서 다른 리스트 연결
nums.extend([5, 6, 7, 8, 9]) 를 사용하여 리스트를 연결하여 [0, 1, 2, 3, 4 , 5, 6, 7, 8, 9]값을 얻었습니다

여기서 nums.remove(1)을 사용하여 리스트 안의 1을 없앴는데 리스트에 있는 숫자를 없앨때는 []를 안 붙이고 1만 사용하여도 상관없는 이유가 궁금합니다.",2023-08-12 19:14:02,2023-08-14 10:07:37,"안녕하세요 정세균 에이블러님

nums라는 리스트의 remove 메소드에 대해 질문 주셨습니다.
remove는 연결된 리스트(즉 코드로는 nums.remove( ) 를 의미하는 것입니다.)에서 입력한 값에 대해 삭제해주는 것입니다. 리스트 안에 똑같은 데이터가 있을 때, 인덱스가 낮은 것이 더 우선시 되어 삭제되지요.

이해를 돕기 위해 직관적으로 표현하겠습니다.
.remove( ) 앞에 이미 리스트 nums를 사용할 거라고 명시해놓은 상태입니다.
그렇다면 remove( ) 안에는 삭제하고 싶은 리스트 안의 값만 넣어주면 되지 않을까요? ^^

추가 문의 발생시 편하게 질문 주세요.
감사합니다 : )",-,-
5,실습문의,D*보조강사,완료,KT AIVLE School 4기,DX컨설턴트,수도권,5반,정*희,d041091,입교,"f스트링 쓸 때 이미지 대로 다른 줄에 이어 쓰면 오류가 나는 이유가 무엇인가요?
한 줄에 붙어 써야 하나요?",2023-08-12 16:39:13,2023-08-14 10:01:32,"안녕하세요 정지희 에이블러님

에이블러님의 문자열은 한 줄일 때 사용하는 것입니다. ' ' or "" ""
여러 줄의 문자열을 사용할 때는 ''' ''' or """""" """""" 과 같이 사용하셔야 한답니다.

혹은 \ 기호를 이용하셔도 된답니다.

추가 질문 있으면 편하게 문의 주세요.
감사합니다 : )",-,-
6,실습문의,D*보조강사,완료,KT AIVLE School 4기,DX컨설턴트,대구/경북,8반,장*주,d044101,입교,"안녕하세요 실습03 을 풀다가 의문이 생겨 질문드립니다.

여기서 두 번째 줄의 [23]이 나오려면 왜 a[:-4] 라고 적어야 하는지 궁금합니다!",2023-08-11 22:29:19,2023-08-14 09:56:09,"안녕하세요 장연주 에이블러님

해당 출력 결과는 리스트 자료형 안에 숫자값 23이 들어있습니다. [23]
이렇게 출력하기 위해서는 다양한 방법이 있습니다.

[a[0]] <- 변수 a의 0번 인덱스 데이터를 가져오면서, 리스트로 감쌈
a[:1] <- 변수 a의 첫번째 데이터부터 1번 인덱스 이전 데이터까지 가져옴.
               여러 데이터를 가져올 수 있기에 리스트 형태로 출력 됨.
a[:-4] <- 변수 a의 첫번째 데이터부터 -4번 인덱스보다 앞에 있는 데이터까지 가져옴.

이렇게 여러 방식이 있는데 이 중 3번째 방식을 강사님께서 답안으로 주신 것으로 보입니다.

추가 문의 발생시 편하게 질문 주세요.
감사합니다 : )",-,-
7,이론문의,튜*17,완료,KT AIVLE School 4기,DX컨설턴트,대구/경북,8반,채*영,d044103,입교,"집합에서 pop()은 실제로 많이 쓰이나요?? 지정하지 않고 그냥 임의의 요소를 삭제하는 기능이 어떻게 활용될 수 있는지 궁금합니다

그리구 1:1문의에서 이론 문의하는거랑 강의실에서 학습문의하는거랑 뭐가 다른가요..?",2023-08-11 17:26:30,2023-08-14 10:37:19,"안녕하세요, 에이블러님.

set 자료형의 pop( )는 솔직하게 저도 많이 사용하지는 않습니다 ^^;

그럼에도 하나 예시를 들어보자면, 단체 레크리레이션 할 때 최후의 한 사람을 남기고자 할 때,
set을 이용해 개인의 이름 또는 고유번호를 입력하고 반복문을 통해 계속 임의의 원소를 제거하도록 만들겠습니다. 원소가 딱 하나 남았을 때는 반복문을 멈춰야겠지요.

특정 메소드를 어떻게 사용할 수 있을지 고민하시는게 정말 보기 좋습니다!
이 부분은 실제 지영님께서 만들고자 하는 프로그램을 통해 경험적으로 얻을 수 있으리라 생각합니다.

강의장에서 채팅을 통해 문의하는 것과 1:1 문의를 비교하시는게 맞을까요?
채팅 질문의 경우는 로그가 삭제되고, 채팅이 쌓임으로써 다시 확인하기가 어렵지요.
1:1 문의는 그렇지 않아 이용을 권장하는 것이랍니다 ^^

추가 질문 있으면 편하게 문의 주세요.
감사합니다 : )",DX보조강사,2023-08-14 10:37:19
8,이론문의,튜*17,완료,KT AIVLE School 4기,DX컨설턴트,대구/경북,8반,장*주,d044101,입교,"remove는 특정 값 지정하여 없애는 것이고
del은 없애고자하는 특정 값의 위치 지정해서 없애는 것이다. 

라고 제가 파악하고 있습니다. 올바르게 인지하고 있는 것인지 문의드리려 질문 남깁니다. 감사합니다",2023-08-11 17:17:05,2023-08-11 17:24:01,"안녕하세요, 에이블러님.

remove는 리스트를 구성하고 있는 값 중에 특정 값을 지정하여 삭제하는 것이 맞습니다.

리스트는 인덱스 번호로 각각의 요소들에 접근할 수 있습니다.
list[0] 처럼 말입니다.
del은 이처럼 인덱스 번호로 지정하여 리스트 내 특정 요소를 삭제합니다.
위 예시에서 0이 인덱스 번호 입니다.

따라서 올바르게 이해하셨다고 생각됩니다.

감사합니다.",-,-
9,실습문의,튜*18,완료,KT AIVLE School 4기,DX컨설턴트,대구/경북,8반,장*주,d044101,입교,"list2 = list(range(1, 21, 3))  여기에서

왜  list2 = range(1, 21, 3) 은 안되는 건가요?",2023-08-11 17:10:57,2023-08-11 17:24:55,"안녕하세요 에이블러님

리스트 list2에 1부터 20까지 3씩 증가하는 값들을 저장하고, 리스트 값들의 개수를 구하세요.의 문제에 대해 문의주셨는대요

우선 질문주신내용이 list2 = list(range(1, 21, 3)) 대신에  list2 = range(1, 21, 3) 를 사용하였을시 왜 리스트가 안나오는건지에 대해 문의주신것으로 이해하고 답변하겠습니다

range(1, 21, 3)는 실제로 숫자 시퀀스를 저장하는 것이 아니라 시작값, 종료값, 간격을 기억하는 객체여서 print(range(1, 21, 3))를 실행하면 range(1, 21, 3)를 출력하게 됩니다

문제의 요구사항은 리스트에 담아 리스트의 개수를 출력하는것 이니 요구사항에 맞춰주시면 되겠습니다",-,-
10,이론문의,튜*11,완료,KT AIVLE School 4기,DX컨설턴트,대구/경북,8반,구*모,d044095,입교,반복 횟수에 따라 결과값이 새로로 나오거나 가로로 나오는 경우가 다른데 특별한 이유가 있는건지 궁금합니다!,2023-08-11 17:10:26,2023-08-14 09:47:10,"안녕하세요, 에이블러님,

해당 사항은 주피터 노트북에서 시퀀스 자료형이 출력될 때 일정 길이 이상이면 세로로 출력되는 현상입니다.

순수 파이썬으로 해당 코드를 실행시키면 주피터 노트북에서는 세로로 출력되던 튜플도 가로로 출력된답니다.
때문에 주피터 노트북 측에서 설정해놓은 기본 설정이 그렇다, 고 답변을 드립니다 ^^;

추가적인 질문이 있으면 다시 1:1 창에 올려주십시오.
감사합니다.",DX보조강사,2023-08-14 09:47:10
11,실습문의,운*자03,완료,KT AIVLE School 4기,DX컨설턴트,충남/충북,7반,안*익,d043257,입교,4학년 2학기라 수업을 병행해야하는 상황인데 혹시 학교 수업을 듣는데 따로 수업 인정시간이 되거나 그런 방도는 없죠? 제가 조퇴나 휴가를 사용해서 수업을 듣거나 강의실에서 수업을 수강하는 방법만 있을까요?,2023-08-11 16:14:26,2023-08-11 17:11:36,"안녕하세요 에이블러님

질문주신 내용은 매니저님께 재문의 부탁드립니다.

1:1문의 게시판은 교육 내용과 관련된 질문만 답변드리는 점 양해바랍니다.

감사합니다.",-,-
12,이론문의,튜*17,완료,KT AIVLE School 4기,DX컨설턴트,충남/충북,7반,송*은,d043230,입교,"예를 들면 

list1 = [1, 2, 3]
list1

과

list1 = [1, 2, 3]
print(list1)

의 차이가 뭔지 궁금합니다!
둘 다 [1, 2, 3]의 값이 나옵니다.
감사합니다.
",2023-08-11 14:00:42,2023-08-11 14:51:43,"안녕하세요, 에이블러님.

단순히 list1을 적는 것과, print(list1)을 적는 차이점에 대해 질문주셨습니다.

두 경우 결과가 Jupyter Notebook, Colab 등에서는 같아 보입니다.
하지만 올바른 코드 방식은 아닙니다.

이는 주피터 및 코랩에서 사용자들에게 편한 환경을 제공하고자
위와 같이 변수 이름만 적으면면 내부 내용이 나오도록 표기한 것이지,
실제로 코드를 작성하는 다양한 환경에서 이는 지원되지 않는 문법입니다.

따라서 출력하고자 하실 땐, 반드시 print를 통해 출력해주세요.

또 다른 예시로는
list1 = [10, 20, 30]
list1

위 코드를 작성하고 실행하면 값이 정상적으로 나올 것 입니다.
하지만 아래코드를 작성하는 경우에는 우리가 의도한 list1에 출력결과가
나오지 않을 것 입니다.

list1 = [10, 20, 30]
list1
print(""Hello"")

감사합니다.
",DX보조강사,2023-08-11 14:51:43
13,실습문의,튜*11,완료,KT AIVLE School 4기,DX컨설턴트,충남/충북,7반,송*은,d043230,입교,"# 3.8. 리스트 관련 메소드
# 1) 100의 위치 찾기

score = [90, 80, 95, 70, 100, 65, 70, 100]

index = score.index(100)
print(index)   # 4 (첫번째 100위치)

index = score,index(100, index + 1)
print(index)  #  7 (두번째 100 위치)

# 값은 맞는데, 우연인건지 식이 맞는건지 궁금합니다.
# 감사합니다 ..♡
",2023-08-11 12:30:19,2023-08-11 13:30:40,"안녕하세요, 에이블러님,

작성하신 코드가 의도한 대로 동작하는 것은 맞습니다. 
score.index(100, index + 1)  <- ,는 오타로 보여 .으로 수정하였습니다.
에서 검색의 시작점을 index+1 즉 첫번째 100이 있는 자리에서 그 다음 자리를 지정하였으므로  두번째 100이 검색되는 자리 7번이 반환됩니다.

그런대 한가지 개선이 필요해보입니다. index는 파이썬의 지정된 키워드이므로 변수명을 다른 것을 사용하도록 권합니다.

추가적인 질문이 있으시면 다시 1:1 창에 올려주십시오. 

",-,-
14,실습문의,튜*13,완료,KT AIVLE School 4기,DX컨설턴트,충남/충북,7반,송*은,d043230,입교,"저는 주석 처리된 것 처럼 a + [100] 으로 풀었습니다.
결과값은 같았는데, a를 정의하고 print해야 완성인건지 궁금합니다.",2023-08-11 11:51:18,2023-08-11 12:10:19,"안녕하세요 에이블러님

a + [100] 이라고 직접 명시하셔도 상관이 없습니다.
결과적으로 a라는 리스트에 리스트 100을 추가 했기 때문입니다.

a = [23, 3, 16, 45, 11]
a.append(99)
print(a+[100])

print함수에 직접 넣어 구현해 주어도 됩니다.

감사합니다.",-,-
15,이론문의,튜*12,완료,KT AIVLE School 4기,DX컨설턴트,수도권,5반,유*빈,d041167,입교,"질의 응답을 어디에 적는지 몰라 여기에 추가 문의드립니다.

앞서 질문드린 내용과 받은 답변을 첨부하였습니다. 답변에 대한 내용은 알고 있는데 제가 질문 드린 내용은

예)
a = [1 , 2,  3] 일 떄,

1. 리스트 요소 추가
a.append(5)
a.append(6)
을 한 것과

2. 리스트 결합
a + [5, 6]
을 하면 출력은 똑같이 나오는데 의미가 다른 것인지 여쭙고 싶었습니다.",2023-08-11 11:20:53,2023-08-11 11:24:20,"안녕하세요 에이블러님

질문에서의 리스트 요소 추가와 리스트 결합의 경우 결과가 동일하게 나오는 것은 큰 의미가 없는 것으로 추후 반목문이나 조건문에서 조건에 따라 요소를 하나씩 추가할 때 append()를 많이 사용하게 됩니다. 

편리하신 방법으로 사용하시면 될 것같습니다. 

감사합니다..",-,-
16,이론문의,튜*12,완료,KT AIVLE School 4기,DX컨설턴트,수도권,5반,유*빈,d041167,입교,"수업시간에 한 분이 질문을 하셨는데 append() 함수 말고 + 를 사용하면 안되냐는 질문에 리스트와 결합할 때는 +를 요소에 값을 추가할 때는 append() 함수를 사용하여 둘이 다르다고 하셨습니다.

그런데 '리스트를 결합한다'는게 결국 '한 리스트에 다른 리스트 요소들을 추가'하는 것과 같지 않나 싶어 여쭤봅니다. 어제 수업시간에 append 함수는 하나의 요소만 추가 가능하여 여러 요소를 한번에 추가하고 싶을 땐 리스트 결합을 이용한다고 이해해서요..",2023-08-11 10:36:29,2023-08-11 10:46:23,"안녕하세요 에이블러님

--------------------------------
a = [1, 2, 3, 4, 5]
b = [6, 7, 8]

print(a + b)
a.append(b)
print(a)
--------------------------------

만약 위 코드 처럼 a리스트와 b리스트를 더하여 print() 하는 코드와 a에 append(b)를 한 후, a를 print()하는 코드를 작성한다면 다음 처럼 결과가 나오게 됩니다.

----------------------------------
[1, 2, 3, 4, 5, 6, 7, 8]
[1, 2, 3, 4, 5, [6, 7, 8]]
----------------------------------

append() 메서드의 경우 ()괄호 안의 값 자체를 넣는 것을 확인 할 수 있습니다. 때문에 주로 리스트 형태가 아닌 단일 인자를 넣는 형태로만 사용합니다. 따라서 질문 처럼 '리스트와 리스트를 결합 (이어 붙일 때) 할 때'는 +를 '리스트에 요소를 추가할 때'는 append()를 사용하게 됩니다. 

이해 안되는 부분이 있다면 질의응답 달아주시면 감사하겠습니다.

감사합니다. ",-,-
번호,문의유형,답변자,상태,기수,트랙/코스,본부,반,교육생,ID,교육상태,문의내용,문의일시,답변일시,답변,검토담당자,검토일시
1,실습문의,D*보조강사,완료,KT AIVLE School 4기,DX컨설턴트,부산/경남,11반,문*슬,d046047,입교,수업 부분의 코딩은 이해 했지만 밑에는 정확히 왜 안되는지 모르겠습니다.,2023-08-15 22:04:37,2023-08-16 10:15:44,"안녕하세요.

딕셔너리 자료형에 반복문을 이용하셨습니다. .items( ) 메서드를 이용하셨구요.
이 반복문이 실행될 때 key와 value를 가져오는데, value에서 에러가 발생하고 있습니다.

values += value 코드 때문입니다.
에러의 의미는 int 자료형과 list 자료형은 덧셈을 할 수 없다는 의미입니다.

만일, 각 key를 따르는 value( = 리스트 자료형 )의 요소에 특정 값을 더하고자 한다면, 반복문을 중첩하셔야 할 것으로 보입니다.

아래는 예시입니다. 리스트의 각 요소값의 총합을 작성하는 코드입니다.

values=0
score = {'홍길동': [85, 80, 90, 95], 
         '한사랑': [95, 90, 80, 90], 
         '일지매': [90, 70, 60, 80]}

for name, value in score.items() :
    for element in value : 
        values += element

print(values)

혹시 해당 답변이 질문과 어긋났다면 재문의 주세요.
감사합니다 : )",-,-
2,이론문의,D*보조강사,완료,KT AIVLE School 4기,DX컨설턴트,부산/경남,11반,권*호,d046066,입교,"제어문 실습을 연습하는 도중 답안에서는
if (score &gt;= 90):
    print('pass')
이런식으로 나와 있는데 저는 
if score &gt;= 90:
    print('pass')
이렇게 풀었습니다. 
score &gt;= 90을 ()로 감싸는 경우와 그냥 쓰는 경우는 상관이 없을까요?
튜플이기 때문에 생략된 것인지 아니면
보기 편하기 위하여 저렇게 사용한 것인지 궁금합니다.",2023-08-15 22:02:34,2023-08-16 10:05:51,"안녕하세요.

두 if문은 동일한 코드입니다.
괄호는 조건문에서 연산에 대해 우선순위를 결정할 때 사용하는 것입니다.

이를테면 (조건1 and 조건2) or 조건3 과 같이 표현하여 조건1, 조건2에 대해 먼저 확인하고
그 결과와 조건3을 판단하라는 방식으로 말이죠.

더불어, 조건에 대해 명확하게 표현하기 위하여 사용하기도 합니다.
종합하면 조건을 하나만 사용하는 경우에는 굳이 괄호를 사용하지 않아도 됩니다 ^^

추가 질문 발생시 편하게 문의 주세요.
감사합니다 : )",-,-
3,실습문의,D*보조강사,완료,KT AIVLE School 4기,DX컨설턴트,수도권,2반,김*원,d041088,입교,"[실습03] 리스트 10번 문제에서
실행 오류 관련 문의드리겠습니다!",2023-08-15 17:33:45,2023-08-16 10:01:19,"안녕하세요.

작성하신 에러를 보면 코드에 이상은 없어보입니다.
list라는 변수를 새롭게 만들어서 작성하셨는지 확인 부탁 드립니다.
파이썬의 기본 내장 함수를 새로운 변수로 덮어 씌워서 발생한 것으로 추정됩니다.

때문에 커널을 재시작해서 해당 코드를 다시 실행해보시기 바랍니다.
혹시 커널 재시작 후에도 동일 증상 발생 시 재문의 부탁 드립니다.

감사합니다 : )",-,-
4,실습문의,튜*12,완료,KT AIVLE School 4기,DX컨설턴트,수도권,2반,김*원,d041088,입교,"[실습01] 연산자와 기본 자료형 8번 문제에서
소수점 아래 자리 표기 관련 문의드리겠습니다!",2023-08-15 10:52:56,2023-08-16 10:09:13,"안녕하세요 에이블러님

해당 내용 파일에 첨부해 드렸습니다!

감사합니다.
",-,-
5,실습문의,튜*11,완료,KT AIVLE School 4기,DX컨설턴트,대구/경북,8반,장*주,d044101,입교,"dict_a = {'v1': 32, 'l1': [1, 2, 3], 'd1': {'a': 1, 'b': 2}}
print(f'''{dict_a['v1']}

==========================
{dict_a['l1']})
{list(dict_a['l1'])[:1]}
==========================
{dict_a['d1']}
{dict_a['d1']['a']}
''')


제가 적은 식이 어떤 것이 잘못된 것인가요?..",2023-08-14 14:21:59,2023-08-14 14:51:47,"에이블러님, 
첨부문서를 참고하십시오. 

추가 질문이 있으면 1:1 창에 다시 올려주십시오.",-,-
6,실습문의,튜*11,완료,KT AIVLE School 4기,DX컨설턴트,대구/경북,8반,장*주,d044101,입교,"dict_a = {'v1': 32, 'l1': [1, 2, 3], 'd1': {'a': 1, 'b': 2}}

print(f'''{dict_a['v1']}

==========================
{dict_a['l1']})
{list(dict_a['l1'])[:1]}
==========================
{dict_a['d1']}
{dict_a['d1']['a']}
''')

이렇게 식을 적었더니 원하는 답이 나오지 않습니다,,!
[:1] 이 부분이 잘못된 것이라고 생각했는데 저는 순서대로 0, 1, 2 이렇게 생각하여 두 번째 자리까지 출력하려고 :1이라고 선언하였습니다
",2023-08-14 12:35:41,2023-08-14 13:41:39,"안녕하세요, 에이블러님,

다음과 같이 해보십시오.
 
print(dict_a['d1'])
print(dict_a['d1']['a'])

두번째에서 a의 값 1이 출력됩니다.

질문의 의도가 다른 것이었으면 1:1 창에 다시 올려주십시오.
",-,-
7,이론문의,튜*18,완료,KT AIVLE School 4기,DX컨설턴트,부산/경남,11반,강*현,d046063,입교,"리스트 내에 같은 값을 가지는 3개 이상의 요소가 있을 때, 양끝의 요소가 아닌 그 사이에 있는 요소의 위치를 조회하고 싶을 때는 어떤 코드를 사용할 수 있나요?

ex.
리스트 = [ a, b, c, b, b, d, c] 의
3개의 b 중에서 중앙에 있는 b의 위치 조회",2023-08-14 09:30:17,2023-08-14 10:53:19,"안녕하세요 에이블러님

하나의 리스트 내에 같은값을 가진 여러 요소중 특정위치에 있는 값을 조회하고 싶으신거군요

아쉽게도 해당 내용을 진행하기 위해서는 아주 간단한 코드로는 어려워 보이면 우선 아직 진도가 나가지 않은 반복문과 조건문을 활용해야되는것으로 보입니다

작성해주신 리스트 = [ a, b, c, b, b, d, c] 의 3개의 b 중에서 중앙에 있는 b의 위치 조회를 간단하게 예를 들면 리스트라는 변수의 리스트를 반복문을 통하여 모든 요소를 하나하나 조회하면서 조건문을 통하여 b이 참일경우 조회된 그 인덱스값을 따로 다른 리스트에 저장을 한뒤 저장된 인덱스값의 리스트를 len함수와 나누기를 이용하여 중앙에 있는 위치의 인덱스를 값을 뽑아 리스트 = [ a, b, c, b, b, d, c]에 조회하는대 사용하게 되면 b값의 중앙에있는 b값을 조회할수 있을것입니다

물론 이 방법외에도 다른 방식으로도 조회가 가능하실수 있으며 하나의 정답만이있는것이 아니니 반복문과 조건문을 배운 이후 다시 한번 고민해보시면 로직을 구성하는 실력을 향상시키실 수 있을 것입니다

추가로 궁금하신 사항이 있다면 질문 해주시면 답변해드리겠도록 하겠습니다.

감사합니다.",-,-
번호,문의유형,답변자,상태,기수,트랙/코스,본부,반,교육생,ID,교육상태,문의내용,문의일시,답변일시,답변,검토담당자,검토일시
1,이론문의,D*보조강사,완료,KT AIVLE School 4기,DX컨설턴트,수도권,4반,박*은,d041030,입교,"[문2] for문과 range를 사용하여 1 ~ 100까지의 합을 구하세요.

# 옳은 예
s = 0
for i in range(1, 101):
    s = s + i
print(s)

#틀린 예
for i in range(1, 101):
    s = 0
    s += i
print(s)

s = 0 이 for문 안에 있을 경우와 밖에 있을 경우의 차이점이 궁금합니다. 
",2023-08-16 23:49:57,2023-08-17 09:14:37,"안녕하세요.

for문 안에 s = 0가 있을 경우, 반복문이 수행될 때마다 s가 0을 가지게 됩니다.

for문 1회차 : s = 0, i = 1 이기에 s += 1, 즉 s = 1이 됩니다.
for문 2회차 : s = 0, i = 2 이기에 s += 2, 즉 s = 2가 됩니다.
...
for문 100회차 : s = 0, i = 100 이기에 s += 100, 즉 s = 100이 됩니다.

지금의 문제는 1에서 100까지의 합을 구하는 것이기에, s는 누적된 값을 가져야 합니다.
그렇기 때문에 s는 반복문 밖에 있어야 합니다.

추가 질문 있으면 편하게 문의주세요.
감사합니다 : )",-,-
2,이론문의,D*보조강사,완료,KT AIVLE School 4기,DX컨설턴트,수도권,5반,신*영,d041076,입교,"안녕하세요 06-딕셔너리 자료의 하단부 '[참고]딕셔너리 key가 될 수 없는 리스트'에서 key가 튜플인 딕셔너리는 키값이 될 수 있다고 했는데, 딕셔너리 안에 들어간 튜플은 소괄호를 생략할 수 없나요? 제가 직접 소괄호를 지워본 결과 invalid syntax가 나왔습니다. 
그렇다면 튜플은 다른 괄호의 안에 있을 때가 아니라 홀로 있을 때만 생략이 가능하다고 이해를 해야할까요? 확인 부분에서 소괄호 생략시 리스트가 되는 것은 이해했습니다. 
튜플의 소괄호 생략 기준이 궁금하여 문의합니다. 감사합니다!",2023-08-16 23:43:49,2023-08-17 09:24:43,"안녕하세요.

1. 튜플 자료형을 사용할 때 소괄호를 항상 명시하시기를 권장드립니다
2. 딕셔너리의 key 값으로 튜플을 사용할 때, 소괄호까지 명시하셔야 선언이 됩니다.
   ex) dic1 = { (1,) : 'value' } <- 가능
          dic1 = { 1, : 'value' }     <- 불가능

3. 딕셔너리 선언을 한 후에는 소괄호를 생략하고도 키에 대한 value가 반환됩니다.
   ex) dic[1,]      <- 가능
          dic[ (1,) } <- 가능

정리하면, 튜플을 사용할 때는 소괄호를 항상 명시해야 헷갈릴 경우가 적습니다 ^^

추가 문의 발생시 편하게 질문 주세요.
감사합니다 : )",-,-
3,실습문의,D*보조강사,완료,KT AIVLE School 4기,DX컨설턴트,대구/경북,8반,장*주,d044101,입교,#2 OUTPUT 문제에서 return 관련 의문이 생겨 질문 드립니다,2023-08-16 23:19:29,2023-08-17 09:08:05,"안녕하세요.

1. 해당 함수는 작성하신 조건에 맞추어 출력'만' 하는 것입니다. 즉, 반환을 하지는 않습니다.
   c 변수에 함수를 선언하셨는데, type( c )를 입력하여 결과를 보면 NoneType으로 나옵니다.

2. print( )를 return으로 변경하시면 반환이 됩니다.
   c 변수에 함수를 선언한 후, type( c )를 입력하여 결과를 보면 int로 나옵니다.

추가 질문 발생시 편하게 문의주세요.
감사합니다 : )",-,-
4,실습문의,튜*12,완료,KT AIVLE School 4기,DX컨설턴트,대구/경북,8반,장*주,d044101,입교,"수업 중 키보드를 잘못 누른 것 같은데 갑자기 글씨체가 바뀌어 버려서 제대로 실행 되지 못하고 있습니다..

어떻게 해야 하는지 도움 요청 드립니다..!",2023-08-16 12:15:06,2023-08-16 12:23:28,"안녕하세요 에이블러님

U+3000 은 전각 공백 에러로 넓은 공백을 의미합니다. 
Alt와 = 을 누르면 전각 공백 입력 모드가 되어 스페이스를 눌렀을 때 넓은 공백이 들어가게 됩니다. 
혹시 Alt와 =  입력을 통해 전각 입력 모드를 해제 한 뒤 코드를 다시 작성 해보신 후 안되신다면 다시 질문 남겨주시기 바랍니다.

감사합니다.",-,-
번호,문의유형,답변자,상태,기수,트랙/코스,본부,반,교육생,ID,교육상태,문의내용,문의일시,답변일시,답변,검토담당자,검토일시
1,실습문의,튜*18,완료,KT AIVLE School 4기,DX컨설턴트,대구/경북,8반,장*주,d044101,입교,"문제를 풀면서 반복적으로 셀을 실행시켰더니 
실제 엑셀 파일에 반복적으로 행들이 추가되었습니다..

원래대로 한 번만 실행되어 7행까지만 출력될 수 있도록 하려면 어떻게 해야 하나요?

엑셀 실습 결과도 같이 사진으로 첨부했습니다!

감사합니다",2023-08-17 22:14:53,2023-08-18 10:26:43,"안녕하세요 에이블러님

중복실행으로 여러행이 추가가되서 놀라셨겠내요

당황하시지 마시고 엑셀창에서  초기 상태로 지우실꺼 지우신다음 실습파일을 처음부터 하나씩 한번씩 실행시키면 되겠습니다

앞으로 데이터를 다루시게 되는대 이때 비슷한 경험을 자주 하실 수 있으니 그때도 당황하시지 말고 초기화한뒤 처음부터 실행시키면 됩니다

추가 질문 있으면 편하게 문의주세요.
감사합니다 : )",-,-
번호,문의유형,답변자,상태,기수,트랙/코스,본부,반,교육생,ID,교육상태,문의내용,문의일시,답변일시,답변,검토담당자,검토일시
1,코딩마스터스,운*자04,완료,KT AIVLE School 4기,DX컨설턴트,수도권,4반,김*식,d041028,입교,아파트 단지가 일직선상에 존재하는데 N번 단지의 위치가 어디 기준으로 측정이 되어 제시 된 것인지 이해가 안갑니다. x축의 x좌표로 이해하면 되는 것인가요?,2023-09-04 21:57:29,2023-09-05 09:16:30,"안녕하세요 에이블러님,

주어지는 모든 아파트들의 위치는 동일선상에 있다고 생각하시면 됩니다.

감사합니다.",-,-
2,실습문의,튜*12,완료,KT AIVLE School 4기,DX컨설턴트,대구/경북,8반,노*림,d044120,입교,"해결했습니다!


",2023-09-04 17:16:31,2023-09-04 17:22:32,해결하셨다니 다행입니다 :),-,-
3,실습문의,D*보조강사,완료,KT AIVLE School 4기,DX컨설턴트,수도권,5반,고*지,d041184,입교,"headers 선언할 때 dict 마지막 부분에 ,(콤마)를 써야 하는 이유가 무엇인가요?",2023-09-04 17:02:38,2023-09-04 17:08:04,"안녕하세요 에이블러님.

딕셔너리 데이터 구분하기 위한 콤마인데

굳이 마지막 부분에 사용하실 필요는 없습니다.
",-,-
4,이론문의,튜*17,완료,KT AIVLE School 4기,DX컨설턴트,수도권,3반,송*림,d041206,입교,"다음 환율 페이지에서 개발자 도구를 봤을 때 summaries를 선택했을 때,
Header에서 status code가 강사님과 다른 것 같은데 이 부분은 상관없을까요??",2023-09-04 16:59:18,2023-09-04 17:08:36,"안녕하세요 에이블러님.

네 문제 없는 부분입니다.
200코드는 성공적으로 요청에 대한 응답을 받았다는 뜻을 의미하고
304는 200코드를 받아본 상황에서 새로고침을 눌렀을 때 기존에 제공했던 응답에서 변경사항이 없는 경우 보이는 Status Code입니다.
감사합니다.",DX보조강사,2023-09-04 17:08:36
5,이론문의,D*보조강사,완료,KT AIVLE School 4기,DX컨설턴트,전남/전북,9반,김*강,d045132,입교,어떤 콤마를 말씀하시는지 잘 모르겠어요ㅜㅜ,2023-09-04 16:37:52,2023-09-04 16:39:55,"안녕하세요 에이블러님.

전처리 부분이 에러가 있어보이네요.

df['kodaq']=df['kosdaq'].apply(lambda data : data.replace(',','')).astype('float')

위 컬럼에 오타가 있어보이네요.

df['kosdaq']=df['kosdaq'].apply(lambda data : data.replace(',','')).astype('float')

그래서 데이터 타입은

localTradedAt     object
kospi            float64
kosdaq           float64
usd              float64
dtype: object

이렇게 나오셔야 할 듯 하네요.",-,-
6,실습문의,튜*12,완료,KT AIVLE School 4기,DX컨설턴트,수도권,3반,양*미,d041048,입교,"page = 1, 60
url = f'https://m.stock.naver.com/front-api/v1/marketIndex/prices?\
    page={page}&category=exchange&reutersCode=FX_USDKRW&pageSize={pagesize}'

response = requests.get(url)

usd= pd.DataFrame(response.json()['result'])[['localTradedAt', 'closePrice']]
usd.tail(2)

이렇게 코드셀에 넣고 실행시키니
KeyError: 'result' 이 에러가 발생합니다. 어디가 잘못된 건지, 어떻게 수정해야 하는지 알 수 있을까요?",2023-09-04 16:30:10,2023-09-04 16:39:47,"안녕하세요 에이블러님. 

해당 에러는 'result' 키가 응답 데이터에 없다는 것을 의미합니다. 응답 데이터의 구조를 확인하고 'result' 키가 있는지 없는지 확인하시고 코드를 수정하시면 되겠습니다. ",-,-
7,이론문의,튜*16,완료,KT AIVLE School 4기,DX컨설턴트,전남/전북,9반,김*강,d045132,입교,코드 오류가 나는데 어떻게 하면 될까요?,2023-09-04 16:24:57,2023-09-04 16:29:44,"안녕하세요. 에이블러님

다음 오류는 문자열을 float형으로 변환할 수 없음을 나타내는 오류입니다.
문자열에 콤마(,)를 제거하셔서 해당 오류를 해결해 보시기 바랍니다. 

감사합니다.",-,-
8,실습문의,튜*17,완료,KT AIVLE School 4기,DX컨설턴트,수도권,6반,유*연,d041100,입교,"보내주신 코드 붙여넣기 했는데 오류가 납니다.
---------------------------------------------------------------------------
KeyError                                  Traceback (most recent call last)
Cell In[65], line 7
      5 response = requests.get(url) 
      6 # 3. DATA(json(str)) &gt; list, dict &gt; DataFrame 
----&gt; 7 usd = pd.DataFrame(response.json()['result'])[['localTradedAt', 'closePrice']] 
      8 usd.tail(2)

KeyError: 'result'",2023-09-04 16:05:26,2023-09-04 16:58:39,"안녕하세요. 에이블러님.
말씀하신 KeyError는 딕셔너리 형태의 자료에서 존재하지 않는 키를 호출한 경우에 생기는 오류이기 때문에 크롤링해오신 자료가 제대로 가져와졌는지 먼저 확인해봐야 할 것 같습니다.
 
강사님이 알려주신 코드를 그대로 복사해오셨음에도 오류가 생긴다면 그 이전에 실행한 코드에서 문제가 생겼을 가능성이 크므로 확인을 위해서. response.json() 파일의 결과를 print()하셔서 형태를 확인해보시기 바랍니다.

확인 후 가져온 자료가 잘못되어 있으나 해결방안을 찾지못하는 경우, 가져온 자료는 문제가 없는 경우에는 다시 문의부탁드립니다. 감사합니다.

-----------------------------------------추가답변-----------------------------------------
안녕하세요 에이블러님.
혹시 url 경로를 복붙하는 과정에서 개행문자인 '\'이 그대로 들어가게 되었는지 확인해보세요.
만약 개행문자까지 그대로 붙여넣기가 되었다면 개행문자를 삭제하고 실행해주시기 바랍니다.
",-,-
9,실습문의,D*보조강사,완료,KT AIVLE School 4기,DX컨설턴트,대구/경북,8반,채*영,d044103,입교,"안녕하세요, 멘토님? 

01_requests_naver_stock &gt; 5. 원달러 환율 데이터 수집 : 실습 에서 
page랑 pagesize가 하는 역할 이 각각 무엇인지, 
이 코드에서 데이터를 60개까지 보려면 어떻게 고쳐야하는지 잘 모르겠습니다

# 1. 웹페이지분석 : 크롬개발자도구 : URL page = 1 
url = f'https://m.stock.naver.com/front-api/v1/marketIndex/prices?\ page={page}&category=exchange&reutersCode=FX_USDKRW' 
# 2. request(URL) &gt; response(DATA) : DATA(json(str)) 
response = requests.get(url) 
# 3. DATA(json(str)) &gt; list, dict &gt; DataFrame 
usd = pd.DataFrame(response.json()['result'])[['localTradedAt', 'closePrice']] 
usd.tail(2)

감사합니다! 웹크롤링 몇 번 해봤는데도 오늘 실습 유독 빠르고 따라가기가 힘드네요 ㅠㅠ ",2023-09-04 16:05:06,2023-09-04 16:13:16,"안녕하세요 에이블러님.

page하고 page_size는 네이버 개발자가 변수를 지정해 놓은 부분이에요. 

여기에서 page는 몇 번째 페이지의 데이터인지, 

page_size는 그 페이지에서 몇 개씩 데이터를 보여줄 것 인지를 지정하는 변수라고 생각하시면 됩니다.

그럼 현재 우리는 페이지는 그렇게 중요한 정보는 아니니 1로 지정하고
page_size만 60으로 지정하시면 관련 정보를 찾아서 크롤링이 가능합니다. ",-,-
10,실습문의,D*보조강사,완료,KT AIVLE School 4기,DX컨설턴트,충남/충북,7반,송*은,d043230,입교,"강사님과 똑같이 타이핑했는데, 왜 데이터개수가 5개가 나와야하는데 데이터프레임에 20개가 나올까요... 숫자를 변경해도 계속 20개가 뜹니다...",2023-09-04 15:39:17,2023-09-04 15:45:34,"안녕하세요 에이블러님.

현재 보내주신 코드에서 url 부분에 오타가 있네요.

{page_size} 지정인데 위에 매개변수는 pagesize로 작성하셨네요.

함수 def stock_crawling(page=1, page_size=60) 으로 수정하세요.

",-,-
11,이론문의,D*보조강사,완료,KT AIVLE School 4기,DX컨설턴트,수도권,3반,호*선,d041098,입교,"강사님 강의 속도가 너무 빠르고 새로 배우는 개념이 너무 많은데 정확히 개념 파악이 잘 안되는데,
강의 다시보기 이외에 혼자 참고하여 공부할 수 있는 페이지나 서적 있다면 추천 부탁드립니다..
강의 내용 대부분이 이해가 안되어서 어떤부분을 질문해야할지도 막막해서요..",2023-09-04 14:52:13,2023-09-04 15:06:24,"안녕하세요 에이블러님.

프로그래밍 기초에 이어 웹과 통신쪽에 새로운 개념이 나와서 많이 힘드시죠.

천천히 강사님 설명을 다시 들으시면서 다음 웹사이트를 소개해 드릴테니 참조하시면서 공부하시면

괜찮으실거에요. 

https://auto-trading.tistory.com/entry/%ED%8A%B9%EA%B0%95-%EC%9B%B9%ED%81%AC%EB%A1%A4%EB%A7%81Web-Crowling-%EA%B8%B0%EC%B4%88-%EA%B0%9C%EB%85%90%EA%B3%BC-%EC%BD%94%EB%93%9C-%EA%B5%AC%ED%98%84with-Python

https://wikidocs.net/133287",-,-
12,이론문의,튜*11,완료,KT AIVLE School 4기,DX컨설턴트,충남/충북,7반,박*석,d043259,입교,"안녕하세요. 4기 DX 7반 박준석 입니다.

def를 쓸때에 return을 쓰지 않으면 함수 실행 결과를 변수에 저장하고 출력을 하는 것이라 하는데
---------- 예시 ----------
def plus(n1, n2 = 20, n3 = 30):
    print(n1 + n2 + n3)
    return n1 + n2 + n3

result = plus(1, n3 = 50)
print('result', result)
----------------------
plus에서 나온 값을 변수에 저장을 하고 싶으면 return 값을 꼭 입력을 해야하는 걸로 이해하면 될까요?
저 위에서도 result 변수에 plus 함수 값을 저장하기 위해서 return을 쓴 것이라 이해하면 될까요?
",2023-09-04 12:18:45,2023-09-04 12:29:27,"안녕하세요, 에이블러님,

에이블러님이 이해하신 대로 함수에서 나온 값을 (외부의) 변수에 저장을 하고 싶으면 return을 정의해주어야 합니다.  인용하신 예제에서도 result 변수에 plus 함수 값을 저장하기 위해서 return을 쓴 것입니다. 

[추가]
함수를 생성할 때 return  을 사용할 수도 있고 사용하지 않을 수도 있습니다.

함수 내부에서 생성된 데이터를 내부 변수에 담게 되면 지역변수에 담는 것이므로 함수 블록을 벗어나게 되면  그 변수를 사용하지 못하게 됩니다.

전역변수를 지정하지 않고 사용한다면  return 키워드를 통해 함수를 통해 생성된 데이터를 그 함수가 갖고 있도록 처리한다고 생각하시면 됩니다. 

추가 질문이 있으시면 1:1 문의에 다시 올려주세요.",DX보조강사,2023-09-04 12:29:27
13,이론문의,튜*16,완료,KT AIVLE School 4기,DX컨설턴트,수도권,3반,송*림,d041206,입교,"강사님께서 3. 연산자에서 논리 연산자 설명해주실 때,
and(T), or(F)로 설명해주신 부분이, and는 True로 or은 False로 잘 쓰인다는 뜻인가요??",2023-09-04 11:16:18,2023-09-04 12:01:13,"안녕하세요. 에이블러님

and 연산자와 or 연산자는 다음과 같이 적용됩니다. 

And연산자
true and true = true
true and false = false
false and false = false

Or 연산자
true or true = true
true or false = true
false or false = false

and 연산자는 주로 결과값으로 true를 얻고자 할 때,  or 연산자는 주로 결과값으로 false를 얻고자 할 때 
논리연산자로 사용하는 경향이 있습니다. 강사님께서 그런 의도로 설명하신 것 같습니다. 


감사합니다. ",DX보조강사,2023-09-04 12:01:13
번호,문의유형,답변자,상태,기수,트랙/코스,본부,반,교육생,ID,교육상태,문의내용,문의일시,답변일시,답변,검토담당자,검토일시
1,이론문의,튜*15,완료,KT AIVLE School 4기,DX컨설턴트,부산/경남,11반,이*희,d046046,입교,"loc와 groupby의 명확한 차이점에 대해 여쭤보고 싶어 문의 드렸습니다. 둘 다 데이터를 조회하고, 조건에 따라 추출하는 용도로 많이 쓰이는데 명확한 차이를 모르겠습니다. 강의 시간엔 단순히 loc와  groupby에 대해 독자적으로만 공부하니 생각을 못했는데 실전에서 데이터를 분석한다면 어떨 때 loc를 쓰고 어떨 때 groupby를 써야하나요? 늦은 시간에 질문 드려 죄송합니다. ",2023-09-05 22:04:09,2023-09-06 10:34:35,"안녕하세요 에이블러님.

loc은 데이터프레임에서 어떠한 데이터가 특정 조건(들)에 부합하는 경우를 조회하거나 조회한 결과에 대한 통계값을 구할 때 사용합니다.
실무에서는 전국의 모든 음식점 정보가 담긴 데이터프레임에서 위치가 서울이며 이름이 '가'로 시작하는 음식점만 추출할 때 사용하는 예시를 들 수 있겠습니다.

groupby은 데이터프레임에서 특정 집계기준별로  특정 집계 대상들에 대한 통계값을 조회하는 경우에 사용합니다.
실무에서는 월(혹은 일)별 특정제품들의 판매수익의 총합을 구하는 것과 같은 경우 사용할 수 있겠습니다.

감사합니다.",DX보조강사,2023-09-06 10:34:35
2,이론문의,운*자03,완료,KT AIVLE School 4기,DX컨설턴트,부산/경남,10반,엄*윤,d046052,입교,"수업을 듣다 PC로 /robot.txt를 에이블에듀 사이트에 사용해봤는데 PC가 밴을 당한 것 같습니다.
PC에서 핫스팟으로 연결해서  접속하여도 접속이 되지 않아 모바일 lte로 접속하여 문의드립니다.

.추가
시간이 지나 접속이 되기 시작했습니다. 혹시 정말 /robot.txt로 접속을 한 것이 문제었을까요?",2023-09-05 17:20:06,2023-09-06 08:55:48,"안녕하세요 에이블러님

정확히 어떤 상황에서 접속이 안 되었던 것인지 확인이 어려워

정확한 답변을 드리기 어려운 점 양해바랍니다.

추후에 동일 증상이 나타나다면 재문의 바랍니다.",-,-
3,이론문의,튜*17,완료,KT AIVLE School 4기,DX컨설턴트,충남/충북,7반,최*경,d043188,입교,"안녕하세요 튜터님 

제가 임의로 
풀무원 홈페이지와 쇼핑몰 홈페이지 url을 가져와서 
각각 response = requests.get(url) 을 했는데 
풀무원은 [200]이 나오지만 쇼핑몰은 [403]이 나옵니다 
똑같이 했는데 왜 홈페이지 별로 다른가요?? 
",2023-09-05 16:26:44,2023-09-05 16:34:37,"안녕하세요. 에이블러님.

홈페이지들은 다양한 이유로 항상 크롤링을 허용하지는 않습니다.
풀무원 홈페이지가 200이 나왔다면 정상적으로 크롤링이 된 것이지만,
403 상태코드는 금지된 접근임을 알려주는 코드입니다.
풀무원 쇼핑몰은 해당 코드로 접근이 막혀있는 것입니다.

[추가]
그래서 강사님이 수업하실 때 추가하신 것처럼 headers 등을 이용해서 우회적인 접근을

시도해봅니다. 

감사합니다. ",DX보조강사,2023-09-05 16:34:37
4,실습문의,튜*11,완료,KT AIVLE School 4기,DX컨설턴트,수도권,6반,김*지,d043213,입교,"안녕하세요! 
실습문의 드립니다!
첨부한 캡처 사진처럼 

# img-url
link = df.loc[0, 'img']
link

이 부분에서 오류가 나는데 어디가 문제인지 모르겠습니다!
(파일도 같이 첨부합니다!)",2023-09-05 16:07:18,2023-09-05 16:16:25,"안녕하세요, 에이블러님,

23번 셀에서 데이터프레임의 이름을 df_g로 설정하였는데,  28번 셀에서는 df를 호출하였습니다.  데이텊,레임의   이름을 일치시키십시오. 

추가 질문이 있으시면 1:1 문의에 다시 올려주세요.",-,-
5,실습문의,튜*18,완료,KT AIVLE School 4기,DX컨설턴트,수도권,3반,양*미,d041048,입교,"강사님이 제공하신 코드를 복사 붙여넣기 해도 len(elements) 값이 10이 아니라 0이 나옵니다.
어느 부분이 문제인지 알려주시길 바랍니다.",2023-09-05 15:29:07,2023-09-05 15:42:24,"안녕하세요 에이블러님

작성하신 코드를 보니  보여주신 코드상에는 문제는 없어보입니다

사이트 주소에는 오타가 없는지 response 값을 확인하였을때 200이 응답이 오셨는지 강사님께서 올려주신 코드와 비교해보며 진행해보시면 될것 같습니다

추가 문의 사항이 있다면 1:1 질문 부탁드리겠습니다

감사합니다",-,-
6,실습문의,튜*17,완료,KT AIVLE School 4기,DX컨설턴트,수도권,1반,변*수,d041265,입교,"안녕하세요

수업중에 에러가 떠서 문의드렸습니다.

keywords = [element.select_one('.tit').text for element in elements] keywords
라고 제시한 문항에서
invalid syntax라고 문장이 나왔습니다.

또, 수업 실습중에 발생된 에러 문의는 1:1 문의 종류를 실습문의로 드리는게 맞을지 궁금합니다.",2023-09-05 15:27:07,2023-09-05 15:30:06,"안녕하세요 에이블러님

지금 코드 줄의 맨 뒤에 있는 keywords는 변수에 값을 할당하고
해당 값을 조회하기 위해서 쓰는 코드이므로
줄바꿈을 하여 조회해야 합니다.
keywords 앞에서 줄바꿈을 해주시면 되겠습니다.

네 실습중 생긴 문의는 실습문의로 올려주시면 됩니다. 
감사합니다.",-,-
7,실습문의,D*보조강사,완료,KT AIVLE School 4기,DX컨설턴트,수도권,3반,송*림,d041206,입교,"삼성전자 url을 복사해 올 때

https://search.naver.com/search.naver?query=삼성전자

라는 정리된 url은 어떻게 구하는지 한 번만 다시 설명 부탁드립니다! ",2023-09-05 15:02:24,2023-09-05 15:09:23,"안녕하세요 에이블러님.

간단히 말씀드리면 먼저 네이버 검색창에서 삼성전자를 타이핑하고 검색버튼을 누르면

삼성전자를 네이버가 검색을 수행합니다.

그 화면에서 주소창을 보면 주소가 다음과 같습니다. 

https://search.naver.com/search.naver?where=nexearch&sm=top_hty&fbm=0&ie=utf8&query=삼성전자

위 주소는 네이버 개발자가 네이버 검색서버를 이용하도록 처리해둔 주소입니다.

에이블러님이 입력한 삼성전자 정보는 query라는 parameter로 받고 있음을 알 수 있습니다.

나머지 parameter는 메타정보 이므로 제외해도 됩니다.

그럼 핵심 parameter인 query만 남겨둬도 기능이 문제없이 구현되므로 최종적으로는

URL을 https://search.naver.com/search.naver?query=삼성전자    이렇게 지정하실 수 있습니다. 
",-,-
8,실습문의,D*보조강사,완료,KT AIVLE School 4기,DX컨설턴트,대구/경북,8반,채*영,d044103,입교,"안녕하세요, 멘토님? 

네이버에서 연관검색어 긁어오기 지금 하고 있는 거에서 개발자 도구로 소스 보고있는데, 
Network 탭에서 Fetch/XHR 사용해서 보면 아무것도 뜨지 않고, 아래에 이런 오류만 뜹니다.어떻게 하면 되나요?? 

DevTools failed to load source map: Could not load content for https://ssl.pstatic.net/sstatic/au/pc/related_keyword/Controller.js.map: HTTP error: status code 404, net::ERR_HTTP_RESPONSE_CODE_FAILURE",2023-09-05 14:50:02,2023-09-05 14:55:45,"안녕하세요 에이블러님.

현재 강사님께서 보시는 부분은 Network부분이 아니라 Elements 부분입니다.

HTML tag를 보면서 필요한 부분 수집하는 부분이라 

그곳에서 확인합니다. ",-,-
9,이론문의,운*자03,완료,KT AIVLE School 4기,DX컨설턴트,수도권,3반,최*애,d041083,입교,데이터 수집 강의영상의 경우에는 언제 업로드가 되나요?,2023-09-05 14:34:00,2023-09-05 14:36:54,"안녕하세요 에이블러님

다시보기 강의영상은 기본적으로 강의 종료 후 다음날 17시 30분에 업로드됩니다.

오늘(5일) 강의 영상은 내일(6일)에 업로드 될 예정이오니 참고 바랍니다.",-,-
10,이론문의,운*자03,완료,KT AIVLE School 4기,DX컨설턴트,수도권,4반,방*현,d041285,입교,제가 못따라간 부분이 있어서 오늘 강의 듣고 싶은데 강의영상 올려주실 수 있나용..!ㅠㅠ수고 많으십니다,2023-09-05 14:25:20,2023-09-05 14:35:23,"안녕하세요 에이블러님

강의영상은 강의정료 후 다음날 17시 30분에 업로드 되고 있습니다.

오늘(5일) 강의영상은 내일(6일) 17시 30분에 업로드 예정이오니 참고 바랍니다.",-,-
11,이론문의,튜*17,완료,KT AIVLE School 4기,DX컨설턴트,수도권,1반,변*수,d041265,입교,"빠른 답변 감사합니다!

알려주신 키를 적용해보니 정상값이 나왔습니다!
혼자서 했으면 오래 걸렸을 텐데 도와주셔서 수월하게 할 수 있었어요.

감사합니다!",2023-09-05 13:42:39,2023-09-05 13:54:19,"문제가 해결되어 다행이네요 에이블러님.^^
다음에도 문의사항이 생기면 언제든 문의주세요.
감사합니다.",-,-
12,이론문의,튜*17,완료,KT AIVLE School 4기,DX컨설턴트,수도권,1반,변*수,d041265,입교,"답변 감사합니다!

알려주신대로 비어있는 셀에 response.json()를 검색해보니 
Expecting value: line 1 column 1 (char 0)
에러가 나옵니다.
마찬가지로 
data = response.json()['response']['body']['items']['item'] 
df = pd.DataFrame(data) 
df.tail(2)
코드에도 
Expecting value: line 1 column 1 (char 0)
라고 동일한 문장이 나옵니다. 

코드를 재실행해도 동일하게 나오는데 처음부터 key값과 데이터들을 다시 설정해야할까요?",2023-09-05 13:31:53,2023-09-05 13:39:08,"안녕하세요. 에이블러님.

키를 다음과 같이 변경해보시기 바랍니다.
감사합니다.",DX보조강사,2023-09-05 13:39:08
13,실습문의,D*보조강사,완료,KT AIVLE School 4기,DX컨설턴트,수도권,5반,신*영,d041076,입교,"답변 감사합니다! 상황에 따라 분석하고 저에게 필요한 정보를 뽑아내는 것으로 잘 이해했습니다.

3번 파일 실습 중 이전까지는 강사님과 똑같이 잘 나오고 response  또한 200으로 나왔는데, 
마지막 셀에서 이렇게 에러가 발생합니다. 검색해보니 문자열 인덱스에 정수만 넣어야한다고 나오는데, 저 변수들을 넣어야하는데 왜 정수를 넣어야 하는지 문의드립니다. ",2023-09-05 12:25:51,2023-09-05 13:20:23,"안녕하세요 에이블러님.

비어있는 셀에 response.json()  코드 실행했을 때 

{'response': {'header': {'resultCode': '00', 'resultMsg': 'NORMAL SERVICE.'},
  'body': {'items': {'item': [{'address': '서울 중구 남대문로5가 581',
      'latitude': 37.554298,
      'longitude': 126.973892,
      'type': 1,
      'zoneId': 'S0000808',
      'zoneName': '서울역 10번출구(서울시티타워)(운영종료)'},
     {'address': '서울 용산구 동자동 43-205 서울역(철도역)',
      'latitude': 37.555862,
      'longitude': 126.970505,
      'type': 2,
      'zoneId': 10519,
      'zoneName': '서울역사'},
     {'address': '서울 용산구 동자동 45 센트레빌아스테리움서울',
      'latitude': 37.551563,
      'longitude': 126.973236,
      'type': 2,
      'zoneId': 10981,
      'zoneName': '서울역 12번출구(KDB생명타워)'},
     {'address': '서울 중구 남대문로5가 827 T타워',
      'latitude': 37.553902,
      'longitude': 126.975677,
      'type': 2,
      'zoneId': 12196,
      'zoneName': '서울역 10번출구 옆(T타워)'},
     {'address': '서울 용산구 청파로 369(서계동)',
      'latitude': 37.552456,
      'longitude': 126.96833,
      'type': 2,
      'zoneId': 1754,
      'zoneName': '롯데렌탈 서울역지점 2층(B)'},
     {'address': '서울 용산구 동자동 56 트윈시티 남산',
      'latitude': 37.551189,
      'longitude': 126.972939,
      'type': 2,
      'zoneId': 7426,
      'zoneName': '서울역 12번출구(갈월동)'},
     {'address': '서울 용산구 서계동 47-2 대한통운서울지사',
      'latitude': 37.552486,
      'longitude': 126.968964,
      'type': 2,
      'zoneId': 9442,
      'zoneName': '서울역 15번출구(국립극단옆EV)'}]},
   'numOfRows': 10,
   'pageNo': 1,
   'totalCount': 7}}}

이렇게 나와야 정상적인 진행이 됩니다. 

이 데이터에서 response > body > items > item 이렇게 인덱스를 찾아가므로 

데이터가 올바르게 리턴되어있지 않으면 에러가 납니다.

확인해보시겠어요.

",-,-
14,이론문의,D*보조강사,완료,KT AIVLE School 4기,DX컨설턴트,수도권,1반,변*수,d041265,입교,"알려주셔서 감사합니다!

다시 실행해봐도 동일한 오류가 나옵니다
시간을 가지고 다시 실행해보고 똑같이 결과가 나오면 다시 문의드리겠습니다!

맛있는 식사하세요!",2023-09-05 12:22:55,2023-09-05 12:25:42,"안녕하세요 에이블러님.

비어있는 셀에 response.json()  코드 실행했을 때 

{'response': {'header': {'resultCode': '00', 'resultMsg': 'NORMAL SERVICE.'},
  'body': {'items': {'item': [{'address': '서울 중구 남대문로5가 581',
      'latitude': 37.554298,
      'longitude': 126.973892,
      'type': 1,
      'zoneId': 'S0000808',
      'zoneName': '서울역 10번출구(서울시티타워)(운영종료)'},
     {'address': '서울 용산구 동자동 43-205 서울역(철도역)',
      'latitude': 37.555862,
      'longitude': 126.970505,
      'type': 2,
      'zoneId': 10519,
      'zoneName': '서울역사'},
     {'address': '서울 용산구 동자동 45 센트레빌아스테리움서울',
      'latitude': 37.551563,
      'longitude': 126.973236,
      'type': 2,
      'zoneId': 10981,
      'zoneName': '서울역 12번출구(KDB생명타워)'},
     {'address': '서울 중구 남대문로5가 827 T타워',
      'latitude': 37.553902,
      'longitude': 126.975677,
      'type': 2,
      'zoneId': 12196,
      'zoneName': '서울역 10번출구 옆(T타워)'},
     {'address': '서울 용산구 청파로 369(서계동)',
      'latitude': 37.552456,
      'longitude': 126.96833,
      'type': 2,
      'zoneId': 1754,
      'zoneName': '롯데렌탈 서울역지점 2층(B)'},
     {'address': '서울 용산구 동자동 56 트윈시티 남산',
      'latitude': 37.551189,
      'longitude': 126.972939,
      'type': 2,
      'zoneId': 7426,
      'zoneName': '서울역 12번출구(갈월동)'},
     {'address': '서울 용산구 서계동 47-2 대한통운서울지사',
      'latitude': 37.552486,
      'longitude': 126.968964,
      'type': 2,
      'zoneId': 9442,
      'zoneName': '서울역 15번출구(국립극단옆EV)'}]},
   'numOfRows': 10,
   'pageNo': 1,
   'totalCount': 7}}}

이렇게 나와야 정상적인 진행이 됩니다. 

",-,-
15,실습문의,D*보조강사,완료,KT AIVLE School 4기,DX컨설턴트,수도권,4반,박*희,d041151,입교,워드 첨부하였습니다. 감사합니다!,2023-09-05 12:16:43,2023-09-05 12:18:56,"안녕하세요 에이블러님.

현재 국토교통부_(TAGO)_카셰어링정보 API를 통해 데이터를 리턴받았습니다. (response)

그럼 json으로 돌려줬으니 response.json()에 데이터가 넘어옵니다.

response.json() 을 출력해보시면

{'response': {'header': {'resultCode': '00', 'resultMsg': 'NORMAL SERVICE.'},
  'body': {'items': {'item': [{'address': '서울 중구 남대문로5가 581',
      'latitude': 37.554298,
      'longitude': 126.973892,
      'type': 1,
      'zoneId': 'S0000808',
      'zoneName': '서울역 10번출구(서울시티타워)(운영종료)'},
     {'address': '서울 용산구 동자동 43-205 서울역(철도역)',
      'latitude': 37.555862,
      'longitude': 126.970505,
      'type': 2,
      'zoneId': 10519,
      'zoneName': '서울역사'},
     {'address': '서울 용산구 동자동 45 센트레빌아스테리움서울',
      'latitude': 37.551563,
      'longitude': 126.973236,
      'type': 2,
      'zoneId': 10981,
      'zoneName': '서울역 12번출구(KDB생명타워)'},
     {'address': '서울 중구 남대문로5가 827 T타워',
      'latitude': 37.553902,
      'longitude': 126.975677,
      'type': 2,
      'zoneId': 12196,
      'zoneName': '서울역 10번출구 옆(T타워)'},
     {'address': '서울 용산구 청파로 369(서계동)',
      'latitude': 37.552456,
      'longitude': 126.96833,
      'type': 2,
      'zoneId': 1754,
      'zoneName': '롯데렌탈 서울역지점 2층(B)'},
     {'address': '서울 용산구 동자동 56 트윈시티 남산',
      'latitude': 37.551189,
      'longitude': 126.972939,
      'type': 2,
      'zoneId': 7426,
      'zoneName': '서울역 12번출구(갈월동)'},
     {'address': '서울 용산구 서계동 47-2 대한통운서울지사',
      'latitude': 37.552486,
      'longitude': 126.968964,
      'type': 2,
      'zoneId': 9442,
      'zoneName': '서울역 15번출구(국립극단옆EV)'}]},
   'numOfRows': 10,
   'pageNo': 1,
   'totalCount': 7}}}

다음과 같습니다..

이제 필요한 정보(value)를 추출하기 위해 key값을 호출하는 인덱싱을 수행하셨습니다.  ",-,-
16,이론문의,D*보조강사,완료,KT AIVLE School 4기,DX컨설턴트,수도권,1반,변*수,d041265,입교,"빠른 답변 감사합니다!

해당 오타를 수정하니 
JSONDecodeError: Expecting value: line 1 column 1 (char 0)
라고 에러가 나타납니다.",2023-09-05 12:09:38,2023-09-05 12:17:49,"안녕하세요 에이블러님.

현재 응답데이터가 오류인듯합니다.

key 지정하는 코드부터 다시 실행하셔서 진행해보시겠어요?

",-,-
17,실습문의,D*보조강사,완료,KT AIVLE School 4기,DX컨설턴트,수도권,1반,남*우,d041022,입교,"전 질문에서 궁금증이 해결되지않아 다시 질문드립니다

data=response.json()['response']['body']['items']['item']

여기서 ['response']['body']['items']['item']
해당 코드를 왜 사용하고 어디서 나온건지 궁금합니다!!",2023-09-05 12:06:37,2023-09-05 12:12:09,"안녕하세요 에이블러님.

현재 국토교통부_(TAGO)_카셰어링정보 API를 통해 데이터를 리턴받았습니다. (response)

그럼 json으로 돌려줬으니 response.json()에 데이터가 넘어옵니다.

response.json() 을 출력해보시면

{'response': {'header': {'resultCode': '00', 'resultMsg': 'NORMAL SERVICE.'},
  'body': {'items': {'item': [{'address': '서울 중구 남대문로5가 581',
      'latitude': 37.554298,
      'longitude': 126.973892,
      'type': 1,
      'zoneId': 'S0000808',
      'zoneName': '서울역 10번출구(서울시티타워)(운영종료)'},
     {'address': '서울 용산구 동자동 43-205 서울역(철도역)',
      'latitude': 37.555862,
      'longitude': 126.970505,
      'type': 2,
      'zoneId': 10519,
      'zoneName': '서울역사'},
     {'address': '서울 용산구 동자동 45 센트레빌아스테리움서울',
      'latitude': 37.551563,
      'longitude': 126.973236,
      'type': 2,
      'zoneId': 10981,
      'zoneName': '서울역 12번출구(KDB생명타워)'},
     {'address': '서울 중구 남대문로5가 827 T타워',
      'latitude': 37.553902,
      'longitude': 126.975677,
      'type': 2,
      'zoneId': 12196,
      'zoneName': '서울역 10번출구 옆(T타워)'},
     {'address': '서울 용산구 청파로 369(서계동)',
      'latitude': 37.552456,
      'longitude': 126.96833,
      'type': 2,
      'zoneId': 1754,
      'zoneName': '롯데렌탈 서울역지점 2층(B)'},
     {'address': '서울 용산구 동자동 56 트윈시티 남산',
      'latitude': 37.551189,
      'longitude': 126.972939,
      'type': 2,
      'zoneId': 7426,
      'zoneName': '서울역 12번출구(갈월동)'},
     {'address': '서울 용산구 서계동 47-2 대한통운서울지사',
      'latitude': 37.552486,
      'longitude': 126.968964,
      'type': 2,
      'zoneId': 9442,
      'zoneName': '서울역 15번출구(국립극단옆EV)'}]},
   'numOfRows': 10,
   'pageNo': 1,
   'totalCount': 7}}}

다음과 같습니다..

이제 필요한 정보(value)를 추출하기 위해 key값을 호출하는 인덱싱을 수행하셨습니다.  ",-,-
18,이론문의,D*보조강사,완료,KT AIVLE School 4기,DX컨설턴트,수도권,5반,이*실,d041205,입교,"response.json() 뒤에 response, body, items, item 가둬두니까 데이터 프레임에 그거 뺀 나머지만 생기는데 저렇게 쓰는 게 어떤 의미인가요?",2023-09-05 12:01:11,2023-09-05 12:09:45,"안녕하세요 에이브럴님.

질문 하신 내용에 답이 있습니다. 

esponse.json() 뒤에 response, body, items, item 가둬두니까 데이터 프레임에 그거 뺀 나머지만 생긴다고 하셨습니다.

json 문법은 딕셔너리처럼 key를 호출하여 value를 선택하는 문법입니다.

그러므로 key를 인덱싱 했으니 key를 제외하고 value만 선택되어서 데이터프레임으로 만들어졌습니다. ",-,-
19,실습문의,튜*11,완료,KT AIVLE School 4기,DX컨설턴트,수도권,1반,남*우,d041022,입교,"마지막 셀에
data=response.json()['response']['body']['items']['item']

이 부분에서 body items item 을 왜 선택하는건지 잘 모르겠습니다
강사님이 설명해주셨는데 이해가 가지않아요..",2023-09-05 12:00:35,2023-09-05 12:02:55,"안녕하세요, 에이블러님,

DataFrame data = 에서 DataFrame을 삭제하고 다시 수행하시면 됩니다. 

추가 질문이 있으시면 1:1 문의에 다시 올려주세요.",-,-
20,이론문의,D*보조강사,완료,KT AIVLE School 4기,DX컨설턴트,수도권,1반,변*수,d041265,입교,"공공데이터 API 이용해서 DF 변환하는 작업진행했는데, invalid syntax로 나옵니다.

추가적으로 필요한 사항있으면 알려주세요!",2023-09-05 12:00:18,2023-09-05 12:01:59,"안녕하세요 에이브럴님.

오타가 있네요.

DataFrame data 에서 DataFrame을 삭제하세요.",-,-
21,실습문의,D*보조강사,완료,KT AIVLE School 4기,DX컨설턴트,전남/전북,9반,김*솔,d045140,입교,"답변이 너무 모호합니다...
에러가 떠서 그러는건데 정확히 다시 알려주실 수 있나요
공유 드라이브에서 다운 받을때  정확히 컴퓨터 어떤 파일에 저장해야할까요",2023-09-05 11:57:18,2023-09-05 12:05:27,"안녕하세요. 에이블러님.

현재 쥬피터를 이용한 실습은 각자 개인 PC 환경에서 하는 실습이라

지정된 폴더가 없습니다. 

비어있는 쉘에 %pwd를 수행하시면 출력에 현재 노트북파일이 있는 폴더 주소가 나오실겁니다.

그 폴더에 covid.xlsx 파일을 복사하시면 됩니다. ",-,-
22,이론문의,D*보조강사,완료,KT AIVLE School 4기,DX컨설턴트,수도권,4반,류*윤,d041260,입교,"안녕하세요.

 데이터프레임으로 변경하셔서 출력하셨을때 한글이 깨져있지는 않습니다.
 %%time 코드 옆에 적은 한글 주석을 지웠더니 해당 오류는 사라졌습니다. 그런데 다른 오류가 생긴 듯 합니다...

%%time 
df['en_title'] = df['title'].apply(translate) 

실행 시 첨부한 이미지와 같은 오류가 발생합니다. 
문의드립니다. 감사합니다!

",2023-09-05 11:49:57,2023-09-05 11:55:36,"안녕하세요 에이블러님.

현재 오류는 접근한 사이트에 제대로 접근하지 못한 오류입니다. 

아마 중간에 response의 status_code를 출력해보시면 400대 에러 이실겁니다.

받아온 데이터가 없으니 Message를 찾을 수가 없어서 에러가 납니다. 

연결을 다시 확인해보세요. ",-,-
23,실습문의,D*보조강사,완료,KT AIVLE School 4기,DX컨설턴트,수도권,5반,신*영,d041076,입교,어떤 변수를 넣을지 응답예를 참고하라고 하셨는데 03. api 파일에서  의 경우 응답예를 봤을 때 너무 많은 것들이 있어서 식별하기 어려운데 혹시 어떤 식으로 구별하는지는 제가 하나씩 넣어보면서 알아가야 하는 부분일까요?,2023-09-05 11:47:41,2023-09-05 11:53:19,"안녕하세요 에이블러님.

아니요 그렇지는 않습니다.

일단 @가 있는 것들은 메타정보이므로 현재 에이블러님에게 필요한 정보가 아닙니다.  

네이버 파파고가 에이블러님에게 주는 데이터는 이 3가지 에요.

srcLangType	String	Y	번역할 원본 언어의 언어 코드
tarLangType	String	Y	번역한 목적 언어의 언어 코드
translatedText	String	Y	번역된 텍스트

result 아래에 위 3가지가 있죠?

이 중 첫번째는 에이블러님이 이미 보내고  있고 알고 있는 데이터이니  굳이 필요없습니다. 

두번째는 번역된 데이터의 언어 코드(ex. kr, en 등) 이고, 

실제 필요한 건 마지막 번역된 데이터인거죠.

에이블러님은 상황에 따라 어떤 데이터가 필요한건지에 따라서 위 3가지 정보를 

선택하면 된다

이렇게 이해하시고 사용하시면 됩니다. ",-,-
24,실습문의,D*보조강사,완료,KT AIVLE School 4기,DX컨설턴트,수도권,5반,신*영,d041076,입교,"안녕하세요 def  translate로 함수를 생성하는 바로 전 단계에 대한 질문이 있습니다.
# 3. json(str) &gt; list, dict &gt; text
과정 3번째에서 문자열 데이터를 딕셔너리 형태로 바꿔준다고 하셨는데,
en_text = response.json()['message']['result']['translatedText']

여기서 왜 저 3가지만 뽑는지 알 수 있을까요? 문자열 기반이라고 하셨는데 그 부분을 놓쳤습니다.
혹시 어떤 기준으로 저들을 결정하는지 알 수 있을까요? 

감사합니다!
",2023-09-05 11:36:36,2023-09-05 11:41:12,"안녕하세요 에이블러님.

현재 사용하는 파파고 API를 통해 개발자(에이블러)님이 지정하신 문장을를 

네이버 파파고가 번역해서 돌려주는 데이터를 받아오는 실습을 수행하고 있습니다.

그러므로 네이버 개발자가 지정한 데이터를 받아올 수 있습니다.

https://developers.naver.com/docs/papago/papago-nmt-api-reference.md#%EC%9D%91%EB%8B%B5

응답 예를 보시면

json으로 리턴해주는 데이터를 찾아가기 위해서 key값들을 한 단계씩 타고 들어가서 최종적으로

번역결과인 translatedText를 얻어오기 위한 코드입니다. 

",-,-
25,실습문의,튜*16,완료,KT AIVLE School 4기,DX컨설턴트,전남/전북,9반,김*솔,d045140,입교,이런 오류가 뜨는데 엑셀파일을 어디에 저장하면 될까요?,2023-09-05 11:29:13,2023-09-05 11:34:20,"안녕하세요. 에이블러님

현재 실행되고 있는 파일의 위치와 동일하게 엑셀파일을 저장하시면  됩니다. 

감사합니다.",-,-
26,이론문의,D*보조강사,완료,KT AIVLE School 4기,DX컨설턴트,수도권,4반,류*윤,d041260,입교,"답변 감사드립니다. 문의 드렸던 문제는 해결되었는데, 아래에서 또 막힙니다ㅠㅠ

1. 
response= requests.post(url, json.dumps(params), headers=headers)
response
실행 시 에러 400이 떴었는데, 지금은 에러 200으로 나옵니다. 정상 상태인가요?

2. C드라이브 관련 출력 내용 --&gt; 한글이 깨집니다.

3. %%time --&gt; UsageError: Can't use statement directly after '%%time'! 에러가 뜹니다.

감사합니다!",2023-09-05 11:28:43,2023-09-05 11:36:39,"안녕하세요 에이블러님

1. 네 200이면 정상입니다.

2. 한글이 깨지는 부분은 encoding 차이여서 그렇습니다.
   데이터프레임으로 변경하셔서 출력하셨을때 한글이 안깨져있으시면 괜찮습니다.

3. %%time 코드 옆에 적은 한글 주석을 지우시면 해결됩니다. ",-,-
27,이론문의,D*보조강사,완료,KT AIVLE School 4기,DX컨설턴트,수도권,5반,이*실,d041205,입교,"난데없이 갑자기 messeage 오류가 납니다
오늘 마음이 힘드네요...^_ㅠ
중요한 건 꺾이지 않는 마음..


+ 아까 문의 드렸던 건 다 해결하고 넘어간 상황입니다!",2023-09-05 11:26:42,2023-09-05 11:32:14,"안녕하세요 에이블러님.

translate 함수 안에다가  모든 설정값들을 다 넣어서 수행되도록 하신 코드를 구현시켜봤더니

400에러가 뜹니다. 연결이 안되니 Message가 넘어오지 않으므로 에러가 발생합니다.

수정은 추후에 하시고 지금은 강사님이 구현한 코드대로 진행하시는것을 추천합니다. ",-,-
28,이론문의,튜*16,완료,KT AIVLE School 4기,DX컨설턴트,수도권,3반,호*선,d041098,입교,보내주신 내용 붙여넣기 해도 그대로 403에러가 뜹니다,2023-09-05 11:15:44,2023-09-05 11:28:10,"안녕하세요. 에이블러님

url 값이 https://openapi.naver.com/v1/papago/n2mt 로 설정되었는지 확인해보시기 바랍니다.

감사합니다. ",DX보조강사,2023-09-05 11:28:10
29,이론문의,D*보조강사,완료,KT AIVLE School 4기,DX컨설턴트,수도권,3반,호*선,d041098,입교,강사님과 똑같이 했는데 왜 에러가 나는걸까요?,2023-09-05 11:08:19,2023-09-05 11:14:40,"안녕하세요 에이블러님.

오타가 있네요. 인코딩 처리를 확인했으면 실제 코드에도 적용을 해야 합니다.

 # 인코딩 수행한 코드로 변경이 안되었어요 - 아래처럼 수정하세요.
response = requests.post(url, json.dumps(params), headers=headers)
response",-,-
30,이론문의,튜*11,완료,KT AIVLE School 4기,DX컨설턴트,수도권,4반,류*윤,d041260,입교,"안녕하세요.
response.text 의 에러 이유가 궁금합니다.",2023-09-05 11:07:50,2023-09-05 11:19:19,"안녕하세요, 에이블러님,

질문1.png의 7번 셀의 코드에 의하면  text key의 값이 한글로 정의되어 있습니다.  이 값이 한글인 경우는 json.dumps()함수로 인코딩해서 전송해야 합니다.  질문2.png의 15번 셀에서params를  json.dumps(params)로 수정하여 실행해보십시오.

추가 질문이 있으시면 1:1 문의에 다시 올려주세요.",DX보조강사,2023-09-05 11:19:19
31,이론문의,D*보조강사,완료,KT AIVLE School 4기,DX컨설턴트,수도권,6반,이*호,d041009,입교,"안녕하세요.. 이걸 어디에다 말해야될지 몰라서 질문 여쭤봅니다. 어제 오늘 내용이 저는 처음 다뤄봐서 내용이 많이 이해가 안되고 있는데, 저만 이해를 못하고 있는 건지 모르겠습니다.... 제 문제일까요... 사실 이게 무엇을 하고 있는지 잘 모르겠습니다. 내용 이해가 안되는것 같기도 하고 명확하게 무엇을 하는건지 모르겠어서 답답하긴하네요. 무엇을 복습해야될지 잘 모르겠습니다. 알려주시면 감사하겠습니다...ㅠㅠ",2023-09-05 11:00:26,2023-09-05 11:10:38,"안녕하세요 에이블러님.

데이터 과학 또는 데이터 분석 이라는 큰 분야에서 가장 큰 부분은 결국  데이터(빅데이터) 입니다.

이 데이터는 크게 내부 데이터 / 외부 데이터 이렇게 나누어 집니다.

내부데이터는 일반 기업이 가지고 있는 데이터베이스에 있는 데이터라고 생각하시면 됩니다.

이런 데이터들은  취업을 해서 그 기업에 입사하지 않는 이상 확보해서 살펴보시기가 힘들겁니다.

그럼 이제 외부데이터들을 이용해서  분석작업들을 수행하셔야 할 텐데

외부데이터는 우리가 흔히 인터넷이라고 불리는 곳에 있는 웹페이지 데이터들입니다.

이 외부데이터를 확보하시려면 데이터 수집이라는 분야가 있고 수집하기 위한 기술이 필요하시겠네요.

그 기술들이 스크랩핑, 크롤링 이런 기술들입니다.

현재 이 수집 기술들을 강의하고 계십니다. 

이 기술들을 에이블러님이 다 파이썬으로 구성하실 수 없으니 

관련 파이선 모듈(requests,  json),   API(네이버 파파고 등)들을 이용하여

효과적으로 가져 올 수 있도록 알려드리고 있습니다. 

그럼 이제 이 확보한 데이터들을 pandas라는 모듈을 이용해서 분석데이터로 변경하셔서

다음 프로세스들을 진행해가시면 됩니다. 

",-,-
32,이론문의,튜*11,완료,KT AIVLE School 4기,DX컨설턴트,수도권,5반,이*실,d041205,입교,"안녕하세요!
response 에러가 401이 뜨는데 해결 방법 부탁드리겠습니다.
&gt; 인코딩 전 후 모두 에러 401

+ client secret 잘못 넣어서 고쳤는데 인코딩 후에도 400이 뜹니다",2023-09-05 10:59:31,2023-09-05 11:12:35,"안녕하세요, 에이블러님,

1. 처음 400대 에러 확인
response.text의 출력메세지가  ""인증에 실패하였습니다""입니다. client_id와 client_secret가 맞는지 확인하십시오. 지금은 두 개의 값이 동일한데 이 부분에 이상이 있는 것으로 보입니다.

2. 위 수정 후 에러는 오타가 있네요.

 # 인코딩 수행한 코드로 변경이 안되었어요 - 이렇게 수정하세요.
response = requests.post(url, json.dumps(params), headers=headers) 
response

추가 질문이 있으시면 1:1 문의에 다시 올려주세요.",DX보조강사,2023-09-05 11:12:35
33,이론문의,튜*17,완료,KT AIVLE School 4기,DX컨설턴트,충남/충북,7반,최*경,d043188,입교,"방금 강사님께서 
'http://openapi.naver.com/v1/papago/n2mt' 이걸 가져오셔서 
url = 여기에 붙이셨는데
그 과정을 놓쳤습니다
가이드라고 하셨던 것 같기도한데 어디서 가져와야하나요??",2023-09-05 10:33:05,2023-09-05 10:41:21,"안녕하세요 에이블러님.

강사님이 채팅창에 올려주신 파파고 NMT API 개발 가이드 링크로 들어가시면 되겠습니다.
https://developers.naver.com/docs/nmt/reference/

https://developers.naver.com/docs/papago/papago-nmt-api-reference.md
해당 경로로 들어가시면 
2. API기본정보 부분에 나와있습니다.

감사합니다.
",DX보조강사,2023-09-05 10:41:21
34,이론문의,튜*11,완료,KT AIVLE School 4기,DX컨설턴트,전남/전북,9반,이*규,d045146,입교,ttest 결과 p-value 가 0.05가 넘으면 귀무가설이 기각인가요 채택인가요???!,2023-09-05 09:13:33,2023-09-05 10:21:19,"안녕하세요, 에이블러님,

p값으로 유의수준의 기본값과 비교해 대립가설의 채택과 기각을 판단하면 됩니다.

p-value 가 0.05가 넘으면 즉 유의수준보다 크게 되므로 대립가설을 기각하면 됩니다.

귀무가설에 대하여는 채택한다는 표현을 쓰지 않습니다.  

대립가설에만 채택이라는 표현을 씁니다. 

추가 질문이 있으시면 1:1 문의에 다시 올려주세요.",DX보조강사,2023-09-05 10:21:19
